"ASV_Name","Kingdom","Phylum","Class","Order","Family","Genus","Species"
"ASV18","Bacteria","Proteobacteria","Alphaproteobacteria","Rhizobiales","Xanthobacteraceae",NA,NA
"ASV27","Bacteria","Proteobacteria","Alphaproteobacteria","SAR11 clade","Clade III",NA,NA
"ASV35","Bacteria","Proteobacteria","Alphaproteobacteria","Parvibaculales","Parvibaculaceae","Parvibaculum","lavamentivorans"
"ASV39","Bacteria","Actinobacteriota","Actinobacteria","Corynebacteriales","Corynebacteriaceae","Corynebacterium",NA
"ASV40","Bacteria","Bacteroidota","Bacteroidia","Chitinophagales","Chitinophagaceae",NA,NA
"ASV41","Bacteria","Actinobacteriota","Actinobacteria","Micrococcales","Micrococcaceae","Arthrobacter",NA
"ASV47","Bacteria","Proteobacteria","Alphaproteobacteria","Rhizobiales","Xanthobacteraceae","Afipia",NA
"ASV48","Bacteria","Proteobacteria","Gammaproteobacteria","Burkholderiales","Oxalobacteraceae","Herbaspirillum",NA
"ASV53","Bacteria","Proteobacteria",NA,NA,NA,NA,NA
"ASV57","Bacteria","Proteobacteria","Gammaproteobacteria","Burkholderiales","Gallionellaceae","Sideroxydans",NA
"ASV62","Bacteria","Actinobacteriota","Actinobacteria","Corynebacteriales","Corynebacteriaceae","Lawsonella","clevelandensis"
"ASV63","Bacteria","Bacteroidota","Bacteroidia","Chitinophagales","Chitinophagaceae","Edaphobaculum",NA
"ASV87","Bacteria","Actinobacteriota","Actinobacteria","Frankiales","Sporichthyaceae","hgcI clade",NA
"ASV89","Bacteria","Proteobacteria","Gammaproteobacteria",NA,NA,NA,NA
"ASV91","Bacteria","Proteobacteria","Gammaproteobacteria","Acidithiobacillales","Acidithiobacillaceae","KCM-B-112",NA
"ASV93","Bacteria","Proteobacteria","Gammaproteobacteria","Burkholderiales","Gallionellaceae","Gallionella",NA
"ASV97","Bacteria","Proteobacteria","Gammaproteobacteria","Burkholderiales","Gallionellaceae","Sideroxydans",NA
"ASV98","Bacteria","Actinobacteriota","Actinobacteria","Micrococcales","Microbacteriaceae","Leucobacter",NA
"ASV100","Bacteria","Firmicutes","Bacilli","Bacillales","Planococcaceae",NA,NA
"ASV101","Bacteria","Firmicutes","Bacilli","Bacillales","Sporolactobacillaceae","Terrilactibacillus",NA
"ASV102","Bacteria","Proteobacteria","Alphaproteobacteria","Caulobacterales","Caulobacteraceae",NA,NA
"ASV103","Bacteria","Proteobacteria","Gammaproteobacteria","Xanthomonadales","Rhodanobacteraceae","Rhodanobacter","thiooxydans"
"ASV104","Bacteria","Actinobacteriota","Actinobacteria","Frankiales","Sporichthyaceae",NA,NA
"ASV107","Bacteria","Actinobacteriota","Actinobacteria","Frankiales","Sporichthyaceae","Candidatus Planktophila",NA
"ASV108","Bacteria","Proteobacteria","Gammaproteobacteria","Oceanospirillales","Pseudohongiellaceae","Pseudohongiella",NA
"ASV109","Bacteria","Verrucomicrobiota","Verrucomicrobiae","Verrucomicrobiales","Rubritaleaceae","Luteolibacter",NA
"ASV110","Bacteria","Proteobacteria","Gammaproteobacteria","Burkholderiales","Methylophilaceae","Methylotenera",NA
"ASV111","Bacteria",NA,NA,NA,NA,NA,NA
"ASV114","Bacteria","Bacteroidota","Bacteroidia","Flavobacteriales","Flavobacteriaceae","Flavobacterium",NA
"ASV119","Bacteria","Proteobacteria","Alphaproteobacteria","Rhodospirillales","Magnetospirillaceae","Magnetospirillum",NA
"ASV120","Bacteria","Proteobacteria","Gammaproteobacteria","Burkholderiales","Comamonadaceae",NA,NA
"ASV129","Bacteria","Proteobacteria","Gammaproteobacteria","Burkholderiales","Comamonadaceae","Limnohabitans",NA
"ASV130","Bacteria","Proteobacteria","Gammaproteobacteria","Legionellales","Legionellaceae","Legionella",NA
"ASV131","Bacteria","Proteobacteria","Alphaproteobacteria","Sphingomonadales","Sphingomonadaceae","Sphingomonas",NA
"ASV132","Bacteria","Proteobacteria","Alphaproteobacteria","Caulobacterales","Caulobacteraceae","Asticcacaulis",NA
"ASV135","Bacteria","Proteobacteria","Gammaproteobacteria","Burkholderiales","Methylophilaceae","Candidatus Methylopumilus",NA
"ASV139","Bacteria","Proteobacteria","Gammaproteobacteria","Burkholderiales","Gallionellaceae","Gallionella",NA
"ASV144","Bacteria","Firmicutes","Bacilli","Brevibacillales","Brevibacillaceae","Brevibacillus",NA
"ASV146","Bacteria","Proteobacteria","Alphaproteobacteria","Rhodospirillales","Magnetospirillaceae","[Aquaspirillum] polymorphum group",NA
"ASV147","Bacteria","Bacteroidota","Bacteroidia","Chitinophagales","Chitinophagaceae","Sediminibacterium",NA
"ASV152","Bacteria","Firmicutes","Thermincolia","Carboxydocellales","Carboxydocellaceae","Carboxydocella",NA
"ASV156","Bacteria","Proteobacteria","Gammaproteobacteria","Burkholderiales","Burkholderiaceae","Polynucleobacter","acidiphobus"
"ASV158","Bacteria","Proteobacteria","Gammaproteobacteria","Burkholderiales","Gallionellaceae","Gallionella",NA
"ASV159","Bacteria","Proteobacteria","Alphaproteobacteria","Rhizobiales","Rhizobiales Incertae Sedis",NA,NA
"ASV160","Bacteria","Proteobacteria","Gammaproteobacteria","Legionellales","Legionellaceae","Legionella",NA
"ASV167","Bacteria","Campilobacterota","Campylobacteria","Campylobacterales","Sulfurimonadaceae","Sulfuricurvum",NA
"ASV174","Bacteria","Actinobacteriota","Actinobacteria","Frankiales","Sporichthyaceae","hgcI clade",NA
"ASV175","Bacteria","Bacteroidota","Bacteroidia","Cytophagales","Spirosomaceae","Emticicia","soli"
"ASV177","Bacteria","Proteobacteria","Alphaproteobacteria","Sphingomonadales","Sphingomonadaceae","Sphingomonas",NA
"ASV183","Bacteria","Proteobacteria","Alphaproteobacteria","Rhizobiales","Xanthobacteraceae",NA,NA
"ASV184","Bacteria","Proteobacteria","Alphaproteobacteria","Rhizobiales","Rhizobiaceae","Mesorhizobium",NA
"ASV185","Bacteria","Dependentiae","Babeliae","Babeliales","Vermiphilaceae",NA,NA
"ASV187","Bacteria","Proteobacteria","Gammaproteobacteria","Burkholderiales","Alcaligenaceae","Pusillimonas",NA
"ASV188","Bacteria","Firmicutes","Bacilli","Bacillales","Bacillaceae",NA,NA
"ASV189","Bacteria","Actinobacteriota","Actinobacteria","Corynebacteriales","Mycobacteriaceae","Mycobacterium",NA
"ASV191","Bacteria","Actinobacteriota","Actinobacteria","Corynebacteriales","Mycobacteriaceae","Mycobacterium",NA
"ASV196","Bacteria","Proteobacteria","Gammaproteobacteria","Burkholderiales","Gallionellaceae",NA,NA
"ASV197","Bacteria","Chloroflexi","Chloroflexia","Kallotenuales","Kallotenuaceae","Kallotenue",NA
"ASV198","Bacteria","Actinobacteriota","Actinobacteria","Corynebacteriales","Mycobacteriaceae","Mycobacterium",NA
"ASV200","Bacteria","Actinobacteriota","Actinobacteria","Corynebacteriales","Corynebacteriaceae","Corynebacterium",NA
"ASV202","Bacteria","Bdellovibrionota","Bdellovibrionia","Bdellovibrionales","Bdellovibrionaceae","Bdellovibrio",NA
"ASV203","Bacteria","Bacteroidota","Bacteroidia","Chitinophagales","Chitinophagaceae","Sediminibacterium",NA
"ASV208","Bacteria","Proteobacteria","Gammaproteobacteria","Burkholderiales","Burkholderiaceae","Limnobacter","thiooxidans"
"ASV210","Bacteria","Firmicutes","Bacilli","Bacillales","Sporolactobacillaceae","Sporolactobacillus",NA
"ASV213","Bacteria","Bacteroidota","Bacteroidia","Chitinophagales","Saprospiraceae",NA,NA
"ASV215","Bacteria","Chloroflexi","Chloroflexia","Kallotenuales","Kallotenuaceae","Kallotenue",NA
"ASV216","Bacteria","Proteobacteria","Alphaproteobacteria","Rhizobiales","Beijerinckiaceae","Methylobacterium-Methylorubrum",NA
"ASV217","Bacteria","Proteobacteria","Gammaproteobacteria","Burkholderiales","Comamonadaceae","Schlegelella",NA
"ASV218","Bacteria","Actinobacteriota","Actinobacteria","Corynebacteriales","Nocardiaceae","Rhodococcus",NA
"ASV221","Bacteria","Actinobacteriota","Actinobacteria","Frankiales","Sporichthyaceae","Candidatus Planktophila",NA
"ASV224","Bacteria","Firmicutes","Clostridia","Oscillospirales","Oscillospiraceae","NK4A214 group",NA
"ASV225","Bacteria","Proteobacteria","Alphaproteobacteria","Rickettsiales","Mitochondria",NA,NA
"ASV231","Bacteria","Actinobacteriota","Acidimicrobiia","Microtrichales","Ilumatobacteraceae","CL500-29 marine group",NA
"ASV232","Bacteria","Proteobacteria","Alphaproteobacteria","Rhizobiales","Beijerinckiaceae","Bosea",NA
"ASV233","Bacteria","Proteobacteria","Alphaproteobacteria","Sphingomonadales","Sphingomonadaceae",NA,NA
"ASV234","Bacteria","Proteobacteria","Gammaproteobacteria","Burkholderiales","Comamonadaceae","Simplicispira",NA
"ASV235","Bacteria","Proteobacteria","Alphaproteobacteria","Reyranellales","Reyranellaceae","Reyranella",NA
"ASV240","Bacteria","Proteobacteria","Gammaproteobacteria","Xanthomonadales","Xanthomonadaceae","Arenimonas",NA
"ASV241","Bacteria","Firmicutes","Bacilli","Lactobacillales","Carnobacteriaceae","Alloiococcus","otitis"
"ASV242","Bacteria","Proteobacteria","Alphaproteobacteria","Rickettsiales","Mitochondria",NA,NA
"ASV243","Bacteria","Bacteroidota","Bacteroidia","Cytophagales","Spirosomaceae","Pseudarcicella",NA
"ASV244","Bacteria","Proteobacteria","Alphaproteobacteria","Rickettsiales","Mitochondria",NA,NA
"ASV246","Bacteria","Firmicutes","Bacilli","Bacillales","Bacillaceae",NA,NA
"ASV248","Bacteria","Firmicutes","Bacilli","Paenibacillales","Paenibacillaceae","Cohnella","thermotolerans"
"ASV253","Bacteria","Proteobacteria","Alphaproteobacteria","Rickettsiales","Rickettsiaceae",NA,NA
"ASV254","Bacteria","Bacteroidota","Bacteroidia","Flavobacteriales","Flavobacteriaceae","Flavobacterium","cheonhonense"
"ASV255","Bacteria","Proteobacteria","Alphaproteobacteria","Sphingomonadales","Sphingomonadaceae","Rhizorhapis",NA
"ASV258","Bacteria","Firmicutes","Bacilli","Bacillales","Bacillaceae",NA,NA
"ASV259","Bacteria","Bacteroidota","Bacteroidia","Cytophagales","Cytophagaceae","Sporocytophaga",NA
"ASV261","Bacteria","Firmicutes","Clostridia","Clostridiales","Caloramatoraceae","Thermobrachium",NA
"ASV262","Bacteria","Nitrospirota","Nitrospiria","Nitrospirales","Nitrospiraceae","Nitrospira","defluvii"
"ASV263","Bacteria","Firmicutes","Bacilli","Bacillales","Bacillaceae",NA,NA
"ASV264","Bacteria","Bacteroidota","Bacteroidia","Chitinophagales","Chitinophagaceae","Asinibacterium",NA
"ASV265","Bacteria","Proteobacteria","Alphaproteobacteria","Rhizobiales","Rhizobiaceae","Allorhizobium-Neorhizobium-Pararhizobium-Rhizobium",NA
"ASV266","Bacteria","Firmicutes","Bacilli","Bacillales",NA,NA,NA
"ASV269","Bacteria","Actinobacteriota","Thermoleophilia","Solirubrobacterales","67-14",NA,NA
"ASV271","Bacteria","Firmicutes","Bacilli","Bacillales","Planococcaceae","Chungangia",NA
"ASV273","Bacteria","Actinobacteriota","Actinobacteria","Frankiales","Sporichthyaceae","Candidatus Planktophila",NA
"ASV275","Bacteria","Proteobacteria","Alphaproteobacteria","Sphingomonadales","Sphingomonadaceae","Rhizorhapis",NA
"ASV278","Bacteria","Firmicutes","Bacilli","Alicyclobacillales","Alicyclobacillaceae","Alicyclobacillus",NA
"ASV279","Bacteria","Firmicutes","Bacilli","Bacillales",NA,NA,NA
"ASV282","Bacteria","Planctomycetota","Planctomycetes","Isosphaerales","Isosphaeraceae","Tundrisphaera",NA
"ASV283","Bacteria","Firmicutes","Bacilli","Paenibacillales","Paenibacillaceae",NA,NA
"ASV285","Bacteria","Bacteroidota","Bacteroidia","Chitinophagales","Chitinophagaceae","Sediminibacterium",NA
"ASV287","Bacteria","Proteobacteria","Alphaproteobacteria","Rickettsiales","Anaplasmataceae","Candidatus Xenohaliotis",NA
"ASV292","Bacteria","Firmicutes","Bacilli","Bacillales","Bacillaceae",NA,NA
"ASV295","Bacteria","Proteobacteria","Gammaproteobacteria","Burkholderiales","Comamonadaceae","Inhella",NA
"ASV296","Bacteria","Firmicutes","Bacilli","Bacillales","Bacillaceae",NA,NA
"ASV300","Bacteria","Firmicutes","Bacilli","Bacillales","Bacillaceae",NA,NA
"ASV301","Bacteria","Actinobacteriota","Actinobacteria","Frankiales","Sporichthyaceae","hgcI clade",NA
"ASV302","Bacteria","Firmicutes","Bacilli","Bacillales",NA,NA,NA
"ASV303","Bacteria","Proteobacteria","Alphaproteobacteria","Rhizobiales","Labraceae","Labrys","wisconsinensis"
"ASV305","Bacteria","Proteobacteria","Gammaproteobacteria","Burkholderiales","Gallionellaceae",NA,NA
"ASV306","Bacteria","Proteobacteria","Gammaproteobacteria","Burkholderiales","Comamonadaceae","Schlegelella",NA
"ASV311","Bacteria","Actinobacteriota","Actinobacteria","Micrococcales","Cellulomonadaceae","Actinotalea",NA
"ASV312","Bacteria","Proteobacteria","Gammaproteobacteria","Burkholderiales","Gallionellaceae","Sideroxydans",NA
"ASV314","Bacteria","Proteobacteria","Gammaproteobacteria",NA,NA,NA,NA
"ASV319","Bacteria","Proteobacteria","Gammaproteobacteria","Burkholderiales","Comamonadaceae",NA,NA
"ASV321","Bacteria","Actinobacteriota","Actinobacteria","Micrococcales","Micrococcaceae","Nesterenkonia",NA
"ASV322","Bacteria","Bacteroidota","Bacteroidia","Cytophagales","Cyclobacteriaceae","Algoriphagus",NA
"ASV323","Bacteria","Firmicutes","Bacilli","Bacillales","Bacillaceae",NA,NA
"ASV325","Bacteria","Cyanobacteria","Vampirivibrionia","Obscuribacterales","Obscuribacteraceae","Candidatus Obscuribacter",NA
"ASV326","Bacteria","Firmicutes","Bacilli","Bacillales","Bacillaceae","Halalkalibacillus",NA
"ASV328","Bacteria","Bacteroidota","Bacteroidia","Chitinophagales","Chitinophagaceae","Hydrotalea","flava"
"ASV329","Bacteria","Firmicutes","Clostridia","Clostridiales","Caloramatoraceae","Fonticella","tunisiensis"
"ASV330","Bacteria","Proteobacteria","Gammaproteobacteria","Burkholderiales","Gallionellaceae","Candidatus Nitrotoga",NA
"ASV332","Bacteria","Proteobacteria","Alphaproteobacteria","Rickettsiales","Mitochondria",NA,NA
"ASV334","Bacteria","Firmicutes","Bacilli","Bacillales","Bacillaceae","Halalkalibacillus",NA
"ASV335","Bacteria","Actinobacteriota","Actinobacteria","Frankiales","Sporichthyaceae",NA,NA
"ASV337","Bacteria","Proteobacteria","Alphaproteobacteria","Rickettsiales","Mitochondria",NA,NA
"ASV340","Bacteria","Proteobacteria","Alphaproteobacteria","Sphingomonadales","Sphingomonadaceae","Sphingorhabdus",NA
"ASV341","Bacteria","Proteobacteria","Alphaproteobacteria","Caulobacterales","Caulobacteraceae","Brevundimonas",NA
"ASV342","Bacteria","Firmicutes","Bacilli","Bacillales","Bacillaceae",NA,NA
"ASV343","Bacteria","Cyanobacteria","Cyanobacteriia","Chloroplast",NA,NA,NA
"ASV344","Bacteria","Nitrospirota","Nitrospiria","Nitrospirales","Nitrospiraceae","Nitrospira","lenta"
"ASV345","Bacteria","Bacteroidota","Bacteroidia","Cytophagales","Spirosomaceae","Pseudarcicella",NA
"ASV346","Bacteria","Proteobacteria","Alphaproteobacteria","Rickettsiales","Mitochondria",NA,NA
"ASV347","Bacteria","Planctomycetota","Planctomycetes","Planctomycetales","Rubinisphaeraceae","SH-PL14",NA
"ASV349","Bacteria","Bacteroidota","Bacteroidia","Chitinophagales","Chitinophagaceae","Edaphobaculum",NA
"ASV355","Bacteria","Proteobacteria","Gammaproteobacteria","Burkholderiales","Gallionellaceae","Sideroxydans",NA
"ASV356","Bacteria","Actinobacteriota","Actinobacteria","Frankiales","Sporichthyaceae","hgcI clade",NA
"ASV357","Bacteria","Firmicutes","Bacilli","Bacillales","Bacillaceae","Geobacillus",NA
"ASV362","Bacteria","Firmicutes","Bacilli","Bacillales","Bacillaceae",NA,NA
"ASV363","Bacteria","Firmicutes","Bacilli","Bacillales","Salisediminibacteriaceae","Salipaludibacillus",NA
"ASV364","Bacteria","Elusimicrobiota","Lineage IIb",NA,NA,NA,NA
"ASV365","Bacteria","Campilobacterota","Campylobacteria","Campylobacterales","Sulfurimonadaceae","Sulfuricurvum",NA
"ASV366","Bacteria","Patescibacteria","Parcubacteria","Candidatus Zambryskibacteria",NA,NA,NA
"ASV371","Bacteria","Proteobacteria","Alphaproteobacteria","Sphingomonadales","Sphingomonadaceae","Erythrobacter",NA
"ASV373","Bacteria","Proteobacteria","Gammaproteobacteria","Oceanospirillales","Halomonadaceae","Halomonas","gudaonensis"
"ASV376","Bacteria","Proteobacteria","Alphaproteobacteria","Rhizobiales","Xanthobacteraceae","Rhodopseudomonas",NA
"ASV379","Bacteria","Verrucomicrobiota","Chlamydiae","Chlamydiales","Parachlamydiaceae","Neochlamydia",NA
"ASV380","Bacteria","Firmicutes","Bacilli","Bacillales","Bacillaceae",NA,NA
"ASV384","Bacteria","Planctomycetota","Planctomycetes","Gemmatales","Gemmataceae",NA,NA
"ASV385","Bacteria","Proteobacteria","Gammaproteobacteria","Burkholderiales","Oxalobacteraceae","Undibacterium",NA
"ASV386","Bacteria","Proteobacteria","Gammaproteobacteria","Burkholderiales","Comamonadaceae","Hydrogenophaga","palleronii"
"ASV388","Bacteria","Firmicutes","Clostridia","Clostridiales","Clostridiaceae","Clostridium sensu stricto 12","pasteurianum"
"ASV389","Bacteria","Firmicutes","Bacilli","Bacillales","Bacillaceae",NA,NA
"ASV390","Bacteria","Firmicutes","Bacilli","Bacillales","Bacillaceae",NA,NA
"ASV391","Bacteria","Proteobacteria","Gammaproteobacteria","Oceanospirillales","Halomonadaceae","Halomonas",NA
"ASV395","Bacteria","Firmicutes","Bacilli","Bacillales",NA,NA,NA
"ASV396","Bacteria","Actinobacteriota","Actinobacteria","Micrococcales","Microbacteriaceae","Galbitalea",NA
"ASV399","Bacteria","Proteobacteria","Alphaproteobacteria","Acetobacterales","Acetobacteraceae","Gluconacetobacter",NA
"ASV401","Bacteria","Firmicutes","Bacilli","Bacillales",NA,NA,NA
"ASV402","Bacteria","Acidobacteriota","Holophagae","Holophagales","Holophagaceae","Geothrix",NA
"ASV406","Bacteria","Actinobacteriota","Actinobacteria","Corynebacteriales","Corynebacteriaceae","Corynebacterium","urinapleomorphum"
"ASV408","Bacteria","Bacteroidota","Bacteroidia","Flavobacteriales","Flavobacteriaceae","Flavobacterium","saccharophilum"
"ASV410","Bacteria","Acidobacteriota","Blastocatellia","Blastocatellales","Blastocatellaceae",NA,NA
"ASV413","Bacteria","Proteobacteria","Gammaproteobacteria","Oceanospirillales","Halomonadaceae","Halomonas",NA
"ASV414","Bacteria","Firmicutes","Bacilli","Bacillales","Sporolactobacillaceae","Sporolactobacillus",NA
"ASV415","Bacteria","Firmicutes","Bacilli","Bacillales","Bacillaceae",NA,NA
"ASV416","Bacteria","Bacteroidota","Bacteroidia","Sphingobacteriales","NS11-12 marine group",NA,NA
"ASV417","Bacteria","Bacteroidota","Bacteroidia","Flavobacteriales","NS9 marine group",NA,NA
"ASV418","Bacteria","Firmicutes","Bacilli","Bacillales",NA,NA,NA
"ASV419","Bacteria","Proteobacteria","Gammaproteobacteria","Burkholderiales","Rhodocyclaceae","Sulfuritalea",NA
"ASV420","Bacteria","Firmicutes","Bacilli","Bacillales","Sporolactobacillaceae","Terrilactibacillus",NA
"ASV425","Bacteria","Proteobacteria","Gammaproteobacteria","Xanthomonadales","Xanthomonadaceae","Vulcaniibacterium","thermophilum"
"ASV426","Bacteria","Proteobacteria","Gammaproteobacteria","Burkholderiales",NA,NA,NA
"ASV429","Bacteria","Firmicutes","Bacilli","Caldalkalibacillales","Caldalkalibacillaceae","Caldalkalibacillus",NA
"ASV434","Bacteria","Bacteroidota","Bacteroidia","Sphingobacteriales","env.OPS 17",NA,NA
"ASV437","Bacteria","Firmicutes","Bacilli","Bacillales","Bacillaceae",NA,NA
"ASV438","Bacteria","Bacteroidota","Bacteroidia","Flavobacteriales","Cryomorphaceae",NA,NA
"ASV439","Bacteria","Firmicutes","Bacilli","Bacillales","Bacillaceae",NA,NA
"ASV441","Bacteria","Bacteroidota","Bacteroidia","Chitinophagales","Chitinophagaceae","Sediminibacterium",NA
"ASV444","Bacteria","Bacteroidota","Bacteroidia","Chitinophagales","Chitinophagaceae","Ferruginibacter",NA
"ASV445","Bacteria","Proteobacteria","Gammaproteobacteria","Oceanospirillales","Halomonadaceae","Halomonas",NA
"ASV447","Bacteria","Proteobacteria","Alphaproteobacteria","Ferrovibrionales","Ferrovibrionaceae","Ferrovibrio",NA
"ASV448","Bacteria","Proteobacteria","Gammaproteobacteria",NA,NA,NA,NA
"ASV451","Bacteria","Proteobacteria","Gammaproteobacteria","Gammaproteobacteria Incertae Sedis","Unknown Family","Candidatus Ovatusbacter",NA
"ASV453","Bacteria","Proteobacteria","Gammaproteobacteria","Oceanospirillales","Halomonadaceae","Halomonas",NA
"ASV454","Bacteria","Proteobacteria","Gammaproteobacteria","Oceanospirillales","Halomonadaceae","Halomonas",NA
"ASV457","Bacteria","Proteobacteria","Gammaproteobacteria","Oceanospirillales","Halomonadaceae","Halomonas",NA
"ASV460","Bacteria","Firmicutes","Bacilli","Bacillales","Bacillaceae",NA,NA
"ASV462","Bacteria","Actinobacteriota","Actinobacteria","Micrococcales","Promicromonosporaceae","Cellulosimicrobium",NA
"ASV467","Bacteria","Firmicutes","Bacilli","Bacillales","Sporolactobacillaceae",NA,NA
"ASV469","Bacteria","Firmicutes","Bacilli","Caldalkalibacillales","Caldalkalibacillaceae","Caldalkalibacillus",NA
"ASV471","Bacteria","Proteobacteria","Gammaproteobacteria","Burkholderiales","Comamonadaceae","Curvibacter",NA
"ASV474","Bacteria","Firmicutes","Bacilli","Bacillales","Bacillaceae",NA,NA
"ASV475","Bacteria","Firmicutes","Bacilli","Bacillales","Bacillaceae",NA,NA
"ASV477","Bacteria","Bacteroidota","Bacteroidia","Bacteroidales","Prolixibacteraceae","BSV13",NA
"ASV480","Bacteria","Firmicutes","Bacilli","Bacillales","Sporolactobacillaceae","Sporolactobacillus",NA
"ASV483","Bacteria","Firmicutes","Bacilli","Bacillales","Bacillaceae",NA,NA
"ASV484","Bacteria","Firmicutes","Bacilli","Bacillales","Bacillaceae",NA,NA
"ASV485","Bacteria","Firmicutes","Bacilli","Caldalkalibacillales","Caldalkalibacillaceae","Caldalkalibacillus",NA
"ASV488","Bacteria","Patescibacteria","Gracilibacteria","Absconditabacteriales (SR1)",NA,NA,NA
"ASV490","Bacteria","Firmicutes","Bacilli","Bacillales","Bacillaceae",NA,NA
"ASV491","Bacteria","Proteobacteria","Alphaproteobacteria","Caulobacterales","Caulobacteraceae","Asticcacaulis",NA
"ASV494","Bacteria","Proteobacteria","Alphaproteobacteria","Rickettsiales","Mitochondria",NA,NA
"ASV495","Bacteria","Firmicutes","Bacilli","Bacillales","Sporolactobacillaceae","Sporolactobacillus",NA
"ASV496","Bacteria","Actinobacteriota","Actinobacteria","Corynebacteriales","Nocardiaceae","Williamsia",NA
"ASV497","Bacteria","Proteobacteria","Gammaproteobacteria","Oceanospirillales","Halomonadaceae","Halomonas",NA
"ASV498","Bacteria","Proteobacteria","Alphaproteobacteria","Rhizobiales","Xanthobacteraceae","Pseudolabrys",NA
"ASV499","Bacteria","Firmicutes","Bacilli","Bacillales","Bacillaceae",NA,NA
"ASV500","Bacteria","Actinobacteriota","Actinobacteria","Micrococcales","Microbacteriaceae","Leifsonia",NA
"ASV501","Bacteria","Bdellovibrionota","Bdellovibrionia","Bdellovibrionales","Bdellovibrionaceae","Bdellovibrio",NA
"ASV504","Bacteria","Actinobacteriota","Actinobacteria","Frankiales","Sporichthyaceae","Longivirga",NA
"ASV508","Bacteria","Proteobacteria","Gammaproteobacteria","Nitrosococcales","Methylophagaceae","Methylophaga","muralis"
"ASV510","Bacteria","Proteobacteria","Gammaproteobacteria","Oceanospirillales","Halomonadaceae","Halomonas",NA
"ASV514","Bacteria","Bacteroidota","Bacteroidia","Chitinophagales","Chitinophagaceae","Sediminibacterium","goheungense"
"ASV515","Bacteria","Firmicutes","Bacilli","Caldalkalibacillales","Caldalkalibacillaceae","Caldalkalibacillus",NA
"ASV516","Bacteria","Proteobacteria","Gammaproteobacteria","Oceanospirillales","Halomonadaceae","Halomonas",NA
"ASV517","Bacteria","Chloroflexi","Anaerolineae","SBR1031","A4b",NA,NA
"ASV520","Bacteria","Proteobacteria","Alphaproteobacteria","Micropepsales","Micropepsaceae",NA,NA
"ASV523","Bacteria","Actinobacteriota","Actinobacteria","Micrococcales","Micrococcaceae","Nesterenkonia",NA
"ASV527","Bacteria","Planctomycetota","Planctomycetes","Planctomycetales","Schlesneriaceae","Schlesneria",NA
"ASV529","Bacteria","Firmicutes","Bacilli","Bacillales","Bacillaceae",NA,NA
"ASV530","Bacteria","Proteobacteria","Alphaproteobacteria","Rickettsiales","Mitochondria",NA,NA
"ASV532","Bacteria","Firmicutes","Bacilli","Bacillales","Bacillaceae",NA,NA
"ASV533","Bacteria","Proteobacteria","Gammaproteobacteria","Oceanospirillales","Halomonadaceae","Halomonas",NA
"ASV534","Bacteria","Firmicutes","Bacilli","Bacillales","Bacillaceae",NA,NA
"ASV537","Bacteria","Firmicutes","Bacilli","Paenibacillales","Paenibacillaceae","Ammoniphilus",NA
"ASV539","Bacteria","Firmicutes","Bacilli","Bacillales",NA,NA,NA
"ASV540","Bacteria","Cyanobacteria","Cyanobacteriia","Chloroplast",NA,NA,NA
"ASV541","Bacteria","Actinobacteriota","Actinobacteria","Frankiales","Sporichthyaceae","hgcI clade",NA
"ASV542","Bacteria","Firmicutes","Bacilli","Bacillales","Bacillaceae",NA,NA
"ASV543","Bacteria","Firmicutes","Bacilli","Bacillales","Bacillaceae",NA,NA
"ASV545","Bacteria","Firmicutes","Bacilli","Caldalkalibacillales","Caldalkalibacillaceae","Caldalkalibacillus",NA
"ASV547","Bacteria","Proteobacteria","Gammaproteobacteria","Oceanospirillales","Halomonadaceae","Halomonas",NA
"ASV550","Bacteria","Bdellovibrionota","Oligoflexia","0319-6G20",NA,NA,NA
"ASV554","Bacteria","Proteobacteria","Gammaproteobacteria","Burkholderiales","Hydrogenophilaceae","Hydrogenophilus",NA
"ASV555","Bacteria","Firmicutes","Bacilli","Bacillales",NA,NA,NA
"ASV559","Bacteria","Actinobacteriota","Actinobacteria","Frankiales","Sporichthyaceae","hgcI clade",NA
"ASV561","Bacteria","Proteobacteria","Alphaproteobacteria","Sphingomonadales","Sphingomonadaceae","Novosphingobium",NA
"ASV562","Bacteria","Firmicutes","Bacilli","Caldalkalibacillales","Caldalkalibacillaceae","Caldalkalibacillus",NA
"ASV564","Bacteria","Verrucomicrobiota","Verrucomicrobiae","Verrucomicrobiales","Rubritaleaceae","Luteolibacter",NA
"ASV565","Bacteria","Proteobacteria","Gammaproteobacteria","Burkholderiales","Alcaligenaceae","Achromobacter",NA
"ASV566","Bacteria","Firmicutes","Bacilli","Bacillales","Bacillaceae",NA,NA
"ASV568","Bacteria","Proteobacteria","Gammaproteobacteria","Burkholderiales","Comamonadaceae","Delftia",NA
"ASV570","Bacteria","Proteobacteria","Gammaproteobacteria","Oceanospirillales","Halomonadaceae","Halomonas",NA
"ASV571","Bacteria","Firmicutes","Bacilli","Caldalkalibacillales","Caldalkalibacillaceae","Caldalkalibacillus",NA
"ASV572","Bacteria","Bacteroidota","Bacteroidia","Sphingobacteriales","Sphingobacteriaceae","Pedobacter","insulae"
"ASV574","Bacteria","Planctomycetota","Planctomycetes","Pirellulales","Pirellulaceae","Pirellula",NA
"ASV575","Bacteria","Firmicutes","Bacilli","Caldalkalibacillales","Caldalkalibacillaceae","Caldalkalibacillus",NA
"ASV579","Bacteria","Firmicutes","Bacilli","Bacillales","Bacillaceae",NA,NA
"ASV580","Bacteria","Firmicutes","Bacilli","Bacillales","Sporolactobacillaceae","Sporolactobacillus",NA
"ASV581","Bacteria","Firmicutes","Bacilli","Bacillales","Sporolactobacillaceae","Terrilactibacillus",NA
"ASV582","Bacteria","Firmicutes","Bacilli","Bacillales","Sporolactobacillaceae","Sporolactobacillus",NA
"ASV584","Bacteria","Firmicutes","Bacilli","Bacillales","Bacillaceae",NA,NA
"ASV586","Bacteria","Proteobacteria","Gammaproteobacteria","Xanthomonadales","Xanthomonadaceae","Stenotrophomonas","acidaminiphila"
"ASV587","Bacteria","Firmicutes","Bacilli","Bacillales","Bacillaceae","Anoxybacillus",NA
"ASV590","Bacteria","Proteobacteria","Gammaproteobacteria","Xanthomonadales","Xanthomonadaceae","Stenotrophomonas",NA
"ASV591","Bacteria","Proteobacteria","Gammaproteobacteria","Oceanospirillales","Halomonadaceae","Halomonas",NA
"ASV593","Bacteria","Proteobacteria","Gammaproteobacteria","Burkholderiales","Gallionellaceae","Gallionella",NA
"ASV598","Bacteria","Firmicutes","Bacilli","Bacillales","Sporolactobacillaceae","Terrilactibacillus",NA
"ASV601","Bacteria","Proteobacteria","Gammaproteobacteria","Burkholderiales","Burkholderiaceae","Ralstonia",NA
"ASV603","Bacteria","Firmicutes","Bacilli","Bacillales","Bacillaceae",NA,NA
"ASV607","Bacteria","Firmicutes","Bacilli","Caldalkalibacillales","Caldalkalibacillaceae","Caldalkalibacillus",NA
"ASV609","Bacteria","Firmicutes","Bacilli","Bacillales","Planococcaceae",NA,NA
"ASV619","Bacteria","Firmicutes","Bacilli","Bacillales","Bacillaceae","Geobacillus",NA
"ASV620","Bacteria","Firmicutes","Bacilli","Caldalkalibacillales","Caldalkalibacillaceae","Caldalkalibacillus",NA
"ASV621","Bacteria","Proteobacteria","Alphaproteobacteria","Rhizobiales","Xanthobacteraceae","Bradyrhizobium",NA
"ASV622","Bacteria","Firmicutes","Bacilli","Bacillales","Sporolactobacillaceae","Sporolactobacillus",NA
"ASV627","Bacteria","Firmicutes","Bacilli","Bacillales","Bacillaceae",NA,NA
"ASV629","Bacteria","Firmicutes","Bacilli","Bacillales","Bacillaceae",NA,NA
"ASV630","Bacteria","Proteobacteria","Gammaproteobacteria","Oceanospirillales","Halomonadaceae","Halomonas",NA
"ASV632","Bacteria","Firmicutes","Bacilli","Bacillales","Bacillaceae",NA,NA
"ASV637","Bacteria","Firmicutes","Bacilli","Bacillales","Bacillaceae",NA,NA
"ASV640","Bacteria","Actinobacteriota","Actinobacteria","Frankiales","Sporichthyaceae","hgcI clade",NA
"ASV641","Bacteria","Firmicutes","Bacilli","Bacillales","Sporolactobacillaceae","Sporolactobacillus",NA
"ASV642","Bacteria","Proteobacteria","Alphaproteobacteria","Rhizobiales","Xanthobacteraceae","Pseudolabrys",NA
"ASV644","Bacteria","Proteobacteria","Alphaproteobacteria","Sphingomonadales","Sphingomonadaceae","Sphingomonas",NA
"ASV645","Bacteria","Proteobacteria","Gammaproteobacteria","Burkholderiales","Sulfuricellaceae","Ferritrophicum",NA
"ASV648","Bacteria","Firmicutes","Clostridia","Clostridiales","Clostridiaceae","Clostridium sensu stricto 12",NA
"ASV649","Bacteria","Actinobacteriota","Actinobacteria","Frankiales","Sporichthyaceae","hgcI clade",NA
"ASV656","Bacteria","Firmicutes","Bacilli","Bacillales","Bacillaceae",NA,NA
"ASV657","Bacteria","Firmicutes","Bacilli","Bacillales","Bacillaceae",NA,NA
"ASV660","Bacteria","Proteobacteria","Alphaproteobacteria","Acetobacterales","Acetobacteraceae","Rhodovastum",NA
"ASV665","Bacteria","Bacteroidota","Bacteroidia","Chitinophagales","Chitinophagaceae",NA,NA
"ASV668","Bacteria","Firmicutes","Bacilli","Caldalkalibacillales","Caldalkalibacillaceae","Caldalkalibacillus",NA
"ASV670","Bacteria","Firmicutes","Bacilli","Bacillales","Sporolactobacillaceae","Sporolactobacillus",NA
"ASV671","Bacteria","Proteobacteria","Gammaproteobacteria","Gammaproteobacteria Incertae Sedis","Unknown Family","Acidibacter",NA
"ASV675","Bacteria","Bacteroidota","Bacteroidia","Chitinophagales","Saprospiraceae",NA,NA
"ASV678","Bacteria","Proteobacteria","Gammaproteobacteria","Oceanospirillales","Halomonadaceae","Halomonas",NA
"ASV679","Bacteria","Firmicutes","Bacilli","Bacillales","Bacillaceae",NA,NA
"ASV681","Bacteria","Firmicutes","Bacilli","Bacillales","Bacillaceae","Aeribacillus",NA
"ASV682","Bacteria","Actinobacteriota","Acidimicrobiia","Microtrichales",NA,NA,NA
"ASV683","Bacteria","Firmicutes","Bacilli","Caldalkalibacillales","Caldalkalibacillaceae","Caldalkalibacillus",NA
"ASV686","Bacteria","Firmicutes","Bacilli","Bacillales","Bacillaceae",NA,NA
"ASV687","Bacteria","Proteobacteria","Gammaproteobacteria","Burkholderiales","Alcaligenaceae","Achromobacter",NA
"ASV692","Bacteria","Firmicutes","Bacilli","Bacillales","Bacillaceae","Geobacillus",NA
"ASV694","Bacteria","Proteobacteria","Gammaproteobacteria","Burkholderiales","Gallionellaceae",NA,NA
"ASV695","Bacteria","Planctomycetota","Planctomycetes","Planctomycetales",NA,NA,NA
"ASV698","Bacteria","Firmicutes","Bacilli","Bacillales","Bacillaceae",NA,NA
"ASV699","Bacteria","Bacteroidota","Bacteroidia","Chitinophagales","Chitinophagaceae",NA,NA
"ASV700","Bacteria","Firmicutes","Bacilli","Caldalkalibacillales","Caldalkalibacillaceae","Caldalkalibacillus",NA
"ASV702","Bacteria","Bacteroidota","Bacteroidia","Chitinophagales","Chitinophagaceae","Sediminibacterium",NA
"ASV706","Bacteria","Bdellovibrionota","Bdellovibrionia","Bdellovibrionales","Bdellovibrionaceae","Bdellovibrio",NA
"ASV708","Bacteria","Firmicutes","Bacilli","Bacillales","Bacillaceae",NA,NA
"ASV710","Bacteria","Firmicutes","Bacilli","Caldalkalibacillales","Caldalkalibacillaceae","Caldalkalibacillus",NA
"ASV712","Bacteria","Actinobacteriota","Actinobacteria","Micrococcales","Microbacteriaceae","Aurantimicrobium",NA
"ASV716","Bacteria","Firmicutes","Bacilli","Bacillales","Bacillaceae",NA,NA
"ASV720","Bacteria","Firmicutes","Bacilli","Bacillales","Bacillaceae",NA,NA
"ASV724","Bacteria","Firmicutes","Bacilli","Lactobacillales","Streptococcaceae","Streptococcus",NA
"ASV729","Bacteria","Firmicutes","Bacilli","Bacillales","Bacillaceae",NA,NA
"ASV731","Bacteria","Verrucomicrobiota","Verrucomicrobiae","Pedosphaerales","Pedosphaeraceae",NA,NA
"ASV736","Bacteria","Firmicutes","Bacilli","Bacillales","Bacillaceae",NA,NA
"ASV739","Bacteria","Firmicutes","Bacilli","Caldalkalibacillales","Caldalkalibacillaceae","Caldalkalibacillus",NA
"ASV741","Bacteria","Firmicutes","Bacilli","Caldalkalibacillales","Caldalkalibacillaceae","Caldalkalibacillus",NA
"ASV742","Bacteria","Firmicutes","Bacilli","Caldalkalibacillales","Caldalkalibacillaceae","Caldalkalibacillus",NA
"ASV743","Bacteria","Proteobacteria","Gammaproteobacteria","Enterobacterales","Enterobacteriaceae","Franconibacter",NA
"ASV745","Bacteria","Firmicutes","Bacilli","Bacillales","Bacillaceae","Anaerobacillus",NA
"ASV746","Bacteria","Planctomycetota","Planctomycetes","Gemmatales","Gemmataceae","Fimbriiglobus",NA
"ASV747","Bacteria","Proteobacteria","Gammaproteobacteria","Burkholderiales","Nitrosomonadaceae","Nitrosomonas",NA
"ASV748","Bacteria","Proteobacteria","Alphaproteobacteria","Ferrovibrionales","Taonella",NA,NA
"ASV749","Bacteria","Proteobacteria","Gammaproteobacteria","Oceanospirillales","Halomonadaceae","Halomonas",NA
"ASV751","Bacteria","Firmicutes","Bacilli","Bacillales","Bacillaceae",NA,NA
"ASV752","Bacteria","Cyanobacteria","Cyanobacteriia","Chloroplast",NA,NA,NA
"ASV753","Bacteria","Firmicutes","Bacilli","Bacillales","Bacillaceae",NA,NA
"ASV755","Bacteria","Firmicutes","Bacilli","Bacillales","Bacillaceae",NA,NA
"ASV756","Bacteria","Firmicutes","Bacilli","Bacillales","Bacillaceae",NA,NA
"ASV757","Bacteria","Firmicutes","Bacilli","Bacillales","Planococcaceae",NA,NA
"ASV760","Bacteria","Proteobacteria","Gammaproteobacteria","Burkholderiales","Methylophilaceae","Methylophilus",NA
"ASV763","Bacteria","Proteobacteria","Gammaproteobacteria","Oceanospirillales","Halomonadaceae","Halomonas",NA
"ASV767","Bacteria","Firmicutes","Bacilli","Bacillales","Sporolactobacillaceae","Terrilactibacillus",NA
"ASV771","Bacteria","Proteobacteria","Alphaproteobacteria","Rhizobiales","Amb-16S-1323",NA,NA
"ASV774","Bacteria","Proteobacteria","Alphaproteobacteria","Rickettsiales","Mitochondria",NA,NA
"ASV777","Bacteria","Firmicutes","Bacilli","Caldalkalibacillales","Caldalkalibacillaceae","Caldalkalibacillus",NA
"ASV779","Bacteria","Firmicutes","Bacilli","Caldalkalibacillales","Caldalkalibacillaceae","Caldalkalibacillus",NA
"ASV780","Bacteria","Firmicutes","Bacilli","Caldalkalibacillales","Caldalkalibacillaceae","Caldalkalibacillus",NA
"ASV781","Bacteria","Proteobacteria","Alphaproteobacteria","Rickettsiales","Mitochondria",NA,NA
"ASV783","Bacteria","Firmicutes","Bacilli","Bacillales","Bacillaceae",NA,NA
"ASV784","Bacteria","Verrucomicrobiota","Verrucomicrobiae","Pedosphaerales","Pedosphaeraceae","SH3-11",NA
"ASV787","Bacteria","Actinobacteriota","Actinobacteria","Micrococcales","Brevibacteriaceae","Brevibacterium",NA
"ASV791","Bacteria","Proteobacteria","Gammaproteobacteria","Oceanospirillales","Halomonadaceae","Halomonas",NA
"ASV798","Bacteria","Firmicutes","Bacilli","Bacillales","Bacillaceae",NA,NA
"ASV801","Bacteria","Firmicutes","Bacilli","Bacillales","Bacillaceae",NA,NA
"ASV803","Bacteria","Proteobacteria","Alphaproteobacteria","Rhizobiales","Hyphomicrobiaceae","Hyphomicrobium","denitrificans"
"ASV804","Bacteria","Firmicutes","Bacilli","Caldalkalibacillales","Caldalkalibacillaceae","Caldalkalibacillus",NA
"ASV805","Bacteria","Proteobacteria","Gammaproteobacteria","Pasteurellales","Pasteurellaceae","Aggregatibacter","segnis"
"ASV811","Bacteria","Firmicutes","Bacilli","Caldalkalibacillales","Caldalkalibacillaceae","Caldalkalibacillus",NA
"ASV820","Bacteria","Firmicutes","Bacilli","Bacillales","Sporolactobacillaceae","Sporolactobacillus",NA
"ASV822","Bacteria","Proteobacteria","Gammaproteobacteria","Burkholderiales","Alcaligenaceae","Achromobacter",NA
"ASV824","Bacteria","Firmicutes","Bacilli","Caldalkalibacillales","Caldalkalibacillaceae","Caldalkalibacillus",NA
"ASV826","Bacteria","Firmicutes","Bacilli","Bacillales","Sporolactobacillaceae","Sporolactobacillus",NA
"ASV829","Bacteria","Verrucomicrobiota","Chlamydiae","Chlamydiales","Parachlamydiaceae",NA,NA
"ASV830","Bacteria","Proteobacteria","Gammaproteobacteria","Oceanospirillales","Halomonadaceae","Halomonas",NA
"ASV834","Bacteria","Proteobacteria","Alphaproteobacteria","Sphingomonadales","Sphingomonadaceae","Sphingomonas",NA
"ASV835","Bacteria","Proteobacteria","Gammaproteobacteria","Enterobacterales",NA,NA,NA
"ASV838","Bacteria","Firmicutes","Bacilli","Bacillales","Bacillaceae",NA,NA
"ASV843","Bacteria","Firmicutes","Bacilli","Bacillales","Sporolactobacillaceae","Terrilactibacillus",NA
"ASV852","Bacteria","Proteobacteria","Gammaproteobacteria","Oceanospirillales","Halomonadaceae","Halomonas",NA
"ASV859","Bacteria","Firmicutes","Bacilli","Bacillales","Bacillaceae",NA,NA
"ASV860","Bacteria","Firmicutes","Bacilli","Caldalkalibacillales","Caldalkalibacillaceae","Caldalkalibacillus",NA
"ASV861","Bacteria","Bacteroidota","Bacteroidia","Chitinophagales","Saprospiraceae",NA,NA
"ASV875","Bacteria","Proteobacteria","Alphaproteobacteria","Rhizobiales","Xanthobacteraceae",NA,NA
"ASV878","Bacteria","Proteobacteria","Gammaproteobacteria","Oceanospirillales","Halomonadaceae","Halomonas",NA
"ASV880","Bacteria","Proteobacteria","Gammaproteobacteria","Burkholderiales","Burkholderiaceae","Cupriavidus","gilardii"
"ASV886","Bacteria","Firmicutes","Bacilli","Bacillales","Bacillaceae",NA,NA
"ASV887","Bacteria","Proteobacteria","Alphaproteobacteria","Rhizobiales","Kaistiaceae","Kaistia",NA
"ASV890","Bacteria","Firmicutes","Bacilli","Bacillales","Bacillaceae","Halalkalibacillus",NA
"ASV891","Bacteria","Firmicutes","Bacilli","Bacillales","Sporolactobacillaceae","Terrilactibacillus",NA
"ASV894","Bacteria","Proteobacteria","Alphaproteobacteria","Rhizobiales","Xanthobacteraceae","Bradyrhizobium",NA
"ASV904","Bacteria","Firmicutes","Bacilli","Bacillales","Bacillaceae",NA,NA
"ASV909","Bacteria","Firmicutes","Thermincolia","Carboxydocellales","Carboxydocellaceae","Carboxydocella",NA
"ASV912","Bacteria","Patescibacteria","Gracilibacteria",NA,NA,NA,NA
"ASV915","Bacteria","Firmicutes","Bacilli","Bacillales","Bacillaceae",NA,NA
"ASV918","Bacteria","Planctomycetota","Planctomycetes","Isosphaerales","Isosphaeraceae","Aquisphaera",NA
"ASV924","Bacteria","Firmicutes","Bacilli","Bacillales","Sporolactobacillaceae","Sporolactobacillus",NA
"ASV926","Bacteria","Firmicutes","Bacilli","Bacillales","Bacillaceae",NA,NA
"ASV938","Bacteria","Firmicutes","Bacilli","Caldalkalibacillales","Caldalkalibacillaceae","Caldalkalibacillus",NA
"ASV939","Bacteria","Proteobacteria","Gammaproteobacteria","Burkholderiales","Nitrosomonadaceae","Nitrosomonas","oligotropha"
"ASV940","Bacteria","Proteobacteria","Gammaproteobacteria","Oceanospirillales","Halomonadaceae","Halomonas",NA
"ASV941","Bacteria","Proteobacteria","Gammaproteobacteria","Oceanospirillales","Halomonadaceae","Halomonas",NA
"ASV945","Bacteria","Bacteroidota","Bacteroidia","Flavobacteriales","Weeksellaceae","Chryseobacterium","chaponense"
"ASV949","Bacteria","Chloroflexi","Chloroflexia","Thermomicrobiales","JG30-KF-CM45",NA,NA
"ASV950","Bacteria","Cyanobacteria","Cyanobacteriia","Leptolyngbyales","Leptolyngbyaceae","Leptolyngbya Es-Yyy1000",NA
"ASV954","Bacteria","Firmicutes","Bacilli","Bacillales","Bacillaceae",NA,NA
"ASV955","Bacteria","Firmicutes","Bacilli","Bacillales","Sporolactobacillaceae","Terrilactibacillus",NA
"ASV961","Bacteria","Nitrospirota","Nitrospiria","Nitrospirales","Nitrospiraceae","Nitrospira",NA
"ASV966","Bacteria","Firmicutes","Bacilli","Bacillales","Sporolactobacillaceae","Terrilactibacillus",NA
"ASV968","Bacteria","Deinococcota","Deinococci","Thermales","Thermaceae","Thermus",NA
"ASV974","Bacteria","Firmicutes","Bacilli","Lactobacillales","Lactobacillaceae","Lactobacillus",NA
"ASV976","Bacteria","Thermotogota","Thermotogae","Petrotogales","Petrotogaceae","AUTHM297",NA
"ASV977","Bacteria","Firmicutes","Bacilli","Caldalkalibacillales","Caldalkalibacillaceae","Caldalkalibacillus",NA
"ASV978","Bacteria","Proteobacteria","Alphaproteobacteria","Rhizobiales","Beijerinckiaceae","Methylobacterium-Methylorubrum",NA
"ASV993","Bacteria","Firmicutes","Bacilli","Caldalkalibacillales","Caldalkalibacillaceae","Caldalkalibacillus",NA
"ASV994","Bacteria","Firmicutes","Bacilli","Bacillales","Bacillaceae",NA,NA
"ASV997","Bacteria","Proteobacteria","Alphaproteobacteria","Azospirillales","Azospirillaceae","Azospirillum","picis"
"ASV1001","Bacteria","Actinobacteriota","Actinobacteria","PeM15",NA,NA,NA
"ASV1005","Bacteria","Firmicutes","Bacilli","Bacillales",NA,NA,NA
"ASV1007","Bacteria","Firmicutes","Thermoanaerobacteria","Thermoanaerobacterales","Family III","Thermoanaerobacterium","thermosaccharolyticum"
"ASV1008","Bacteria","Firmicutes","Bacilli","Bacillales","Bacillaceae","Halalkalibacillus",NA
"ASV1010","Bacteria","Proteobacteria","Alphaproteobacteria","Rickettsiales","Mitochondria",NA,NA
"ASV1015","Bacteria","Actinobacteriota","Actinobacteria","Frankiales","Sporichthyaceae","Candidatus Planktophila",NA
"ASV1018","Bacteria","Firmicutes","Bacilli","Bacillales","Bacillaceae",NA,NA
"ASV1019","Bacteria","Proteobacteria","Gammaproteobacteria","Burkholderiales","Comamonadaceae","Delftia",NA
"ASV1025","Bacteria","Firmicutes","Bacilli","Caldalkalibacillales","Caldalkalibacillaceae","Caldalkalibacillus",NA
"ASV1026","Bacteria","Firmicutes","Bacilli","Bacillales","Bacillaceae",NA,NA
"ASV1031","Bacteria","Proteobacteria","Gammaproteobacteria","Burkholderiales","Oxalobacteraceae",NA,NA
"ASV1034","Bacteria","Firmicutes","Bacilli","Caldalkalibacillales","Caldalkalibacillaceae","Caldalkalibacillus",NA
"ASV1035","Bacteria","Firmicutes","Bacilli","Bacillales","Sporolactobacillaceae","Terrilactibacillus",NA
"ASV1040","Bacteria","Firmicutes","Bacilli","Bacillales","Bacillaceae",NA,NA
"ASV1047","Bacteria","Desulfobacterota","Desulfuromonadia","Geobacterales","Geobacteraceae","Geobacter",NA
"ASV1052","Bacteria","Campilobacterota","Campylobacteria","Campylobacterales","Arcobacteraceae","Pseudarcobacter",NA
"ASV1055","Bacteria","Firmicutes","Bacilli","Bacillales",NA,NA,NA
"ASV1058","Bacteria","Firmicutes","Bacilli","Bacillales","Bacillaceae",NA,NA
"ASV1059","Bacteria","Firmicutes","Bacilli","Caldalkalibacillales","Caldalkalibacillaceae","Caldalkalibacillus",NA
"ASV1061","Bacteria","Firmicutes","Bacilli","Bacillales","Bacillaceae","Bacillus",NA
"ASV1063","Bacteria","Actinobacteriota","Acidimicrobiia","Microtrichales","Ilumatobacteraceae","CL500-29 marine group",NA
"ASV1065","Bacteria","Firmicutes","Bacilli","Caldalkalibacillales","Caldalkalibacillaceae","Caldalkalibacillus",NA
"ASV1071","Bacteria","Proteobacteria","Gammaproteobacteria",NA,NA,NA,NA
"ASV1072","Bacteria","Firmicutes","Bacilli","Caldalkalibacillales","Caldalkalibacillaceae","Caldalkalibacillus",NA
"ASV1074","Bacteria","Firmicutes","Bacilli","Bacillales","Sporolactobacillaceae","Terrilactibacillus",NA
"ASV1078","Bacteria","Cyanobacteria","Cyanobacteriia","Synechococcales","Cyanobiaceae","Cyanobium PCC-6307",NA
"ASV1090","Bacteria","Proteobacteria","Gammaproteobacteria","Oceanospirillales","Halomonadaceae","Halomonas",NA
"ASV1091","Bacteria","Proteobacteria","Gammaproteobacteria","Oceanospirillales","Alcanivoracaceae1","Alcanivorax",NA
"ASV1092","Bacteria","Proteobacteria","Alphaproteobacteria","Rhizobiales","Xanthobacteraceae","Bradyrhizobium",NA
"ASV1093","Bacteria","Firmicutes","Bacilli","Bacillales","Sporolactobacillaceae",NA,NA
"ASV1094","Bacteria","Firmicutes","Bacilli","Bacillales","Bacillaceae",NA,NA
"ASV1098","Bacteria","Bacteroidota","Bacteroidia","Chitinophagales","Chitinophagaceae","Terrimonas",NA
"ASV1099","Bacteria","Proteobacteria","Alphaproteobacteria","Rhizobiales","Xanthobacteraceae","Bradyrhizobium",NA
"ASV1100","Bacteria","Firmicutes","Bacilli","Bacillales","Bacillaceae",NA,NA
"ASV1105","Bacteria","Firmicutes","Bacilli","Bacillales","Bacillaceae",NA,NA
"ASV1116","Bacteria","Proteobacteria","Gammaproteobacteria","Oceanospirillales","Alcanivoracaceae","Ketobacter",NA
"ASV1120","Bacteria","Actinobacteriota","Actinobacteria","Frankiales","Sporichthyaceae","Longivirga","aurantiaca"
"ASV1128","Bacteria","Actinobacteriota","Acidimicrobiia","Microtrichales",NA,NA,NA
"ASV1129","Bacteria","Patescibacteria","Gracilibacteria",NA,NA,NA,NA
"ASV1132","Bacteria","Proteobacteria","Alphaproteobacteria","Reyranellales","Reyranellaceae","Reyranella",NA
"ASV1133","Bacteria","Firmicutes","Bacilli","Bacillales","Bacillaceae",NA,NA
"ASV1143","Bacteria","Firmicutes","Bacilli","Bacillales","Bacillaceae",NA,NA
"ASV1146","Bacteria","Proteobacteria","Alphaproteobacteria","Rhizobiales","Xanthobacteraceae","Tardiphaga","robiniae"
"ASV1147","Bacteria","Firmicutes","Bacilli","Bacillales","Sporolactobacillaceae","Sporolactobacillus",NA
"ASV1150","Bacteria","Actinobacteriota","Actinobacteria","Frankiales","Sporichthyaceae","hgcI clade",NA
"ASV1164","Bacteria","Firmicutes","Bacilli","Bacillales","Bacillaceae",NA,NA
"ASV1166","Bacteria","Firmicutes","Bacilli","Bacillales","Bacillaceae","Anaerobacillus",NA
"ASV1167","Bacteria","Proteobacteria","Gammaproteobacteria","Pseudomonadales","Moraxellaceae","Permianibacter","aggregans"
"ASV1168","Bacteria","Firmicutes","Bacilli","Lactobacillales","Lactobacillaceae","Lactobacillus","pontis"
"ASV1178","Bacteria","Actinobacteriota","Actinobacteria","Micrococcales","Micrococcaceae","Nesterenkonia",NA
"ASV1179","Bacteria","Firmicutes","Bacilli","Caldalkalibacillales","Caldalkalibacillaceae","Caldalkalibacillus",NA
"ASV1185","Bacteria","Firmicutes","Bacilli","Caldalkalibacillales","Caldalkalibacillaceae","Caldalkalibacillus",NA
"ASV1189","Bacteria","Proteobacteria","Gammaproteobacteria","Oceanospirillales","Alcanivoracaceae1","Alcanivorax",NA
"ASV1191","Bacteria","Firmicutes","Bacilli","Bacillales","Bacillaceae",NA,NA
"ASV1197","Bacteria","Firmicutes","Bacilli","Caldalkalibacillales","Caldalkalibacillaceae","Caldalkalibacillus",NA
"ASV1200","Bacteria","Firmicutes","Bacilli","Caldalkalibacillales","Caldalkalibacillaceae","Caldalkalibacillus",NA
"ASV1208","Bacteria","Firmicutes","Bacilli","Caldalkalibacillales","Caldalkalibacillaceae","Caldalkalibacillus",NA
"ASV1216","Bacteria","Firmicutes","Bacilli","Bacillales","Bacillaceae",NA,NA
"ASV1218","Bacteria","Proteobacteria","Alphaproteobacteria","Caulobacterales","Hyphomonadaceae",NA,NA
"ASV1220","Bacteria","Actinobacteriota","Actinobacteria","Corynebacteriales","Mycobacteriaceae","Mycobacterium",NA
"ASV1221","Bacteria","Planctomycetota","Planctomycetes","Gemmatales","Gemmataceae","Gemmata",NA
"ASV1222","Bacteria","Proteobacteria","Gammaproteobacteria","Legionellales","Legionellaceae","Legionella",NA
"ASV1224","Bacteria","Firmicutes","Bacilli","Caldalkalibacillales","Caldalkalibacillaceae","Caldalkalibacillus",NA
"ASV1227","Bacteria","Proteobacteria","Gammaproteobacteria","Burkholderiales","Alcaligenaceae","Achromobacter","xylosoxidans"
"ASV1229","Bacteria","Proteobacteria","Gammaproteobacteria","Oceanospirillales","Halomonadaceae","Halomonas",NA
"ASV1231","Bacteria","Bacteroidota","Bacteroidia","Chitinophagales","Saprospiraceae",NA,NA
"ASV1236","Bacteria","Firmicutes","Bacilli","Bacillales","Bacillaceae",NA,NA
"ASV1237","Bacteria","Firmicutes","Bacilli","Caldalkalibacillales","Caldalkalibacillaceae","Caldalkalibacillus",NA
"ASV1239","Bacteria","Proteobacteria","Gammaproteobacteria","Enterobacterales","Enterobacteriaceae","Escherichia-Shigella",NA
"ASV1241","Bacteria","Proteobacteria","Alphaproteobacteria","Rhizobiales","Xanthobacteraceae",NA,NA
"ASV1244","Bacteria","Firmicutes","Bacilli","Bacillales","Bacillaceae",NA,NA
"ASV1247","Bacteria","Proteobacteria","Alphaproteobacteria","Rhizobiales","Xanthobacteraceae",NA,NA
"ASV1250","Bacteria","Patescibacteria","Gracilibacteria","Candidatus Peribacteria",NA,NA,NA
"ASV1251","Bacteria","Acidobacteriota","Holophagae","Holophagales","Holophagaceae","Geothrix","fermentans"
"ASV1253","Bacteria","Firmicutes","Bacilli","Alicyclobacillales","Alicyclobacillaceae","Effusibacillus",NA
"ASV1256","Bacteria","Proteobacteria","Alphaproteobacteria","Sphingomonadales","Sphingomonadaceae","Erythrobacter","citreus"
"ASV1258","Bacteria","Firmicutes","Bacilli","Caldalkalibacillales","Caldalkalibacillaceae","Caldalkalibacillus",NA
"ASV1278","Bacteria","Actinobacteriota","Actinobacteria","Bifidobacteriales","Bifidobacteriaceae",NA,NA
"ASV1279","Bacteria","Proteobacteria","Gammaproteobacteria","Xanthomonadales","Xanthomonadaceae","Luteimonas",NA
"ASV1280","Bacteria","Proteobacteria","Gammaproteobacteria","Pseudomonadales","Pseudomonadaceae","Pseudomonas",NA
"ASV1285","Bacteria","Firmicutes","Bacilli","Caldalkalibacillales","Caldalkalibacillaceae","Caldalkalibacillus",NA
"ASV1287","Bacteria","Firmicutes","Bacilli","Caldalkalibacillales","Caldalkalibacillaceae","Caldalkalibacillus",NA
"ASV1288","Bacteria","Proteobacteria","Alphaproteobacteria","Sphingomonadales","Sphingomonadaceae","Novosphingobium",NA
"ASV1289","Bacteria","Actinobacteriota","Actinobacteria","Micrococcales","Microbacteriaceae","Aurantimicrobium",NA
"ASV1294","Bacteria","Proteobacteria","Gammaproteobacteria","Legionellales","Legionellaceae","Legionella",NA
"ASV1295","Bacteria","Firmicutes","Bacilli","Caldalkalibacillales","Caldalkalibacillaceae","Caldalkalibacillus",NA
"ASV1298","Bacteria","Firmicutes","Bacilli","Caldalkalibacillales","Caldalkalibacillaceae","Caldalkalibacillus",NA
"ASV1302","Bacteria","Bdellovibrionota","Bdellovibrionia","Bdellovibrionales","Bdellovibrionaceae","Bdellovibrio",NA
"ASV1308","Bacteria","Proteobacteria","Alphaproteobacteria","Rickettsiales","Candidatus Jidaibacter",NA,NA
"ASV1309","Bacteria","Firmicutes","Bacilli","Lactobacillales","Leuconostocaceae","Leuconostoc",NA
"ASV1310","Bacteria","Firmicutes","Bacilli","Bacillales","Bacillaceae","Halalkalibacillus",NA
"ASV1318","Bacteria","Firmicutes","Bacilli","Bacillales","Bacillaceae","Halalkalibacillus",NA
"ASV1319","Bacteria","Firmicutes","Bacilli","Caldalkalibacillales","Caldalkalibacillaceae","Caldalkalibacillus",NA
"ASV1332","Bacteria","Firmicutes","Bacilli","Bacillales","Bacillaceae","Bacillus",NA
"ASV1333","Bacteria","Firmicutes","Bacilli","Bacillales","Bacillaceae",NA,NA
"ASV1335","Bacteria","Firmicutes","Bacilli","Bacillales","Bacillaceae",NA,NA
"ASV1339","Bacteria","Proteobacteria","Alphaproteobacteria","Reyranellales","Reyranellaceae","Reyranella",NA
"ASV1343","Bacteria","Firmicutes","Bacilli","Caldalkalibacillales","Caldalkalibacillaceae","Caldalkalibacillus",NA
"ASV1344","Bacteria","Deinococcota","Deinococci","Deinococcales","Deinococcaceae","Deinococcus","geothermalis"
"ASV1347","Bacteria","Firmicutes","Bacilli","Bacillales","Bacillaceae",NA,NA
"ASV1349","Bacteria","Proteobacteria","Alphaproteobacteria","Rhizobiales","Rhizobiaceae",NA,NA
"ASV1356","Bacteria","Proteobacteria","Alphaproteobacteria","Rhizobiales","Xanthobacteraceae","Bradyrhizobium",NA
"ASV1360","Bacteria","Firmicutes","Bacilli","Caldalkalibacillales","Caldalkalibacillaceae","Caldalkalibacillus",NA
"ASV1363","Bacteria","Firmicutes","Bacilli","Caldalkalibacillales","Caldalkalibacillaceae","Caldalkalibacillus",NA
"ASV1364","Bacteria","Proteobacteria","Gammaproteobacteria","Legionellales","Legionellaceae","Legionella",NA
"ASV1366","Bacteria","Proteobacteria","Alphaproteobacteria","Rhizobiales","Xanthobacteraceae",NA,NA
"ASV1373","Bacteria","Actinobacteriota","Actinobacteria","Corynebacteriales","Nocardiaceae","Williamsia",NA
"ASV1379","Bacteria","Firmicutes","Desulfitobacteriia","Desulfitobacteriales","Desulfitobacteriaceae","Desulfosporosinus",NA
"ASV1383","Bacteria","Proteobacteria","Gammaproteobacteria","Burkholderiales","Rhodocyclaceae","Dechloromonas",NA
"ASV1386","Bacteria","Proteobacteria","Gammaproteobacteria","Oceanospirillales","Halomonadaceae","Halomonas",NA
"ASV1388","Bacteria","Verrucomicrobiota","Verrucomicrobiae","Verrucomicrobiales","Rubritaleaceae","Luteolibacter",NA
"ASV1389","Bacteria","Firmicutes","Bacilli","Bacillales","Sporolactobacillaceae","Sporolactobacillus",NA
"ASV1395","Bacteria","Firmicutes","Bacilli","Bacillales","Sporolactobacillaceae","Terrilactibacillus",NA
"ASV1397","Bacteria","Proteobacteria","Alphaproteobacteria","Rhodobacterales","Rhodobacteraceae","Phaeobacter",NA
"ASV1402","Bacteria","Firmicutes","Bacilli","Caldalkalibacillales","Caldalkalibacillaceae","Caldalkalibacillus",NA
"ASV1413","Bacteria","Firmicutes","Bacilli","Bacillales","Sporolactobacillaceae","Sporolactobacillus",NA
"ASV1414","Bacteria","Firmicutes","Bacilli","Bacillales","Bacillaceae",NA,NA
"ASV1417","Bacteria","Synergistota","Synergistia","Synergistales","Synergistaceae","Acetomicrobium",NA
"ASV1424","Bacteria","Proteobacteria","Gammaproteobacteria","Oceanospirillales","Halomonadaceae","Halomonas",NA
"ASV1431","Bacteria","Proteobacteria","Gammaproteobacteria","Oceanospirillales","Halomonadaceae","Halomonas",NA
"ASV1438","Bacteria","Proteobacteria","Gammaproteobacteria","Oceanospirillales","Halomonadaceae","Halomonas",NA
"ASV1441","Bacteria","Firmicutes","Bacilli","Caldalkalibacillales","Caldalkalibacillaceae","Caldalkalibacillus",NA
"ASV1443","Bacteria","Proteobacteria","Gammaproteobacteria","Oceanospirillales","Halomonadaceae","Halomonas",NA
"ASV1444","Bacteria","Proteobacteria","Alphaproteobacteria","Sphingomonadales","Sphingomonadaceae","Sphingomonas",NA
"ASV1453","Bacteria","Proteobacteria","Gammaproteobacteria","Burkholderiales","Comamonadaceae","Delftia",NA
"ASV1454","Bacteria","Firmicutes","Bacilli","Bacillales","Bacillaceae",NA,NA
"ASV1455","Bacteria","Cyanobacteria","Cyanobacteriia","Chloroplast",NA,NA,NA
"ASV1458","Bacteria","Proteobacteria","Alphaproteobacteria","Rhodobacterales","Rhodobacteraceae",NA,NA
"ASV1461","Bacteria","Firmicutes","Bacilli","Caldalkalibacillales","Caldalkalibacillaceae","Caldalkalibacillus",NA
"ASV1467","Bacteria","Firmicutes","Bacilli","Bacillales","Bacillaceae",NA,NA
"ASV1470","Bacteria","Proteobacteria","Gammaproteobacteria","Methylococcales","Methylomonadaceae","Methylomonas",NA
"ASV1474","Bacteria","Firmicutes","Bacilli","Caldalkalibacillales","Caldalkalibacillaceae","Caldalkalibacillus",NA
"ASV1475","Bacteria","Firmicutes","Bacilli","Caldalkalibacillales","Caldalkalibacillaceae","Caldalkalibacillus",NA
"ASV1478","Bacteria","Proteobacteria","Gammaproteobacteria","Burkholderiales","Alcaligenaceae","Achromobacter",NA
"ASV1494","Bacteria","Bacteroidota","Bacteroidia","Chitinophagales","Chitinophagaceae","Edaphobaculum",NA
"ASV1500","Bacteria","Firmicutes","Bacilli","Caldalkalibacillales","Caldalkalibacillaceae","Caldalkalibacillus",NA
"ASV1501","Bacteria","Firmicutes","Bacilli","Bacillales","Bacillaceae",NA,NA
"ASV1505","Bacteria","Proteobacteria","Alphaproteobacteria","Rickettsiales","Mitochondria",NA,NA
"ASV1507","Bacteria","Proteobacteria","Alphaproteobacteria","Rhizobiales","Kaistiaceae","Kaistia",NA
"ASV1521","Bacteria","Firmicutes","Bacilli","Bacillales","Bacillaceae",NA,NA
"ASV1535","Bacteria","Proteobacteria","Alphaproteobacteria","Rhizobiales","Xanthobacteraceae","Bradyrhizobium",NA
"ASV1536","Bacteria","Actinobacteriota","Rubrobacteria","Rubrobacterales","Rubrobacteriaceae","Rubrobacter",NA
"ASV1554","Bacteria","Proteobacteria","Gammaproteobacteria","Burkholderiales","Comamonadaceae",NA,NA
"ASV1559","Bacteria","Firmicutes","Bacilli","Bacillales","Planococcaceae",NA,NA
"ASV1571","Bacteria","Proteobacteria","Gammaproteobacteria","Oceanospirillales","Halomonadaceae","Halomonas",NA
"ASV1598","Bacteria","Actinobacteriota","Actinobacteria","Corynebacteriales","Corynebacteriaceae","Corynebacterium","falsenii"
"ASV1607","Bacteria","Proteobacteria","Alphaproteobacteria","Reyranellales","Reyranellaceae","Reyranella",NA
"ASV1611","Bacteria","Patescibacteria","Parcubacteria","Candidatus Jorgensenbacteria",NA,NA,NA
"ASV1620","Bacteria","Planctomycetota","Planctomycetes","Isosphaerales","Isosphaeraceae","Aquisphaera",NA
"ASV1630","Bacteria","Planctomycetota","Planctomycetes","Isosphaerales","Isosphaeraceae",NA,NA
"ASV1631","Bacteria","Proteobacteria","Gammaproteobacteria","Burkholderiales","Chitinibacteraceae","Iodobacter","fluviatilis"
"ASV1636","Bacteria","Proteobacteria","Alphaproteobacteria","Rickettsiales","Mitochondria",NA,NA
"ASV1646","Bacteria","Verrucomicrobiota","Chlamydiae","Chlamydiales","Parachlamydiaceae",NA,NA
"ASV1666","Bacteria","Proteobacteria","Gammaproteobacteria","Aeromonadales","Aeromonadaceae","Aeromonas",NA
"ASV1668","Bacteria","Actinobacteriota","Actinobacteria","Corynebacteriales","Nocardiaceae","Nocardia",NA
"ASV1669","Bacteria","Proteobacteria","Gammaproteobacteria","Burkholderiales","Comamonadaceae","Rhizobacter",NA
"ASV1670","Bacteria","Planctomycetota","Planctomycetes","Isosphaerales","Isosphaeraceae","Singulisphaera",NA
"ASV1671","Bacteria","Proteobacteria","Gammaproteobacteria","Burkholderiales","Methylophilaceae","Methylophilus",NA
"ASV1677","Bacteria","Proteobacteria","Gammaproteobacteria","Diplorickettsiales","Diplorickettsiaceae","Aquicella",NA
"ASV1679","Bacteria","Proteobacteria","Alphaproteobacteria","Micropepsales","Micropepsaceae","Rhizomicrobium",NA
"ASV1680","Bacteria","Firmicutes","Bacilli","Bacillales","Bacillaceae",NA,NA
"ASV1682","Bacteria","Proteobacteria","Gammaproteobacteria","EV818SWSAP88",NA,NA,NA
"ASV1683","Bacteria","Actinobacteriota","Actinobacteria","Micrococcales","Microbacteriaceae","Aurantimicrobium",NA
"ASV1684","Bacteria","Proteobacteria","Gammaproteobacteria","Burkholderiales","Rhodocyclaceae","Dechloromonas",NA
"ASV1685","Bacteria","Proteobacteria","Alphaproteobacteria","Rhizobiales","Rhizobiaceae","Aminobacter",NA
"ASV1687","Bacteria","Verrucomicrobiota","Verrucomicrobiae","Verrucomicrobiales","Rubritaleaceae","Luteolibacter",NA
"ASV1694","Bacteria","Firmicutes","Bacilli","Caldalkalibacillales","Caldalkalibacillaceae","Caldalkalibacillus",NA
"ASV1695","Bacteria","Bacteroidota","Bacteroidia","Sphingobacteriales","FFCH9454",NA,NA
"ASV1704","Bacteria","Planctomycetota","Planctomycetes","Isosphaerales","Isosphaeraceae","Aquisphaera",NA
"ASV1705","Bacteria","Proteobacteria","Alphaproteobacteria","Rhizobiales","Beijerinckiaceae","alphaI cluster",NA
"ASV1712","Bacteria","Firmicutes","Bacilli","Caldalkalibacillales","Caldalkalibacillaceae","Caldalkalibacillus",NA
"ASV1727","Bacteria","Proteobacteria","Alphaproteobacteria","Reyranellales","Reyranellaceae","Reyranella",NA
"ASV1745","Bacteria","Bacteroidota","Bacteroidia","Chitinophagales","Chitinophagaceae",NA,NA
"ASV1747","Bacteria","Proteobacteria","Gammaproteobacteria","Burkholderiales","Neisseriaceae","Eikenella",NA
"ASV1752","Bacteria","Actinobacteriota","Actinobacteria","Micrococcales","Micrococcaceae","Kocuria",NA
"ASV1754","Bacteria","Proteobacteria","Gammaproteobacteria","Gammaproteobacteria Incertae Sedis","Unknown Family",NA,NA
"ASV1762","Bacteria","Firmicutes","Bacilli","Caldalkalibacillales","Caldalkalibacillaceae","Caldalkalibacillus",NA
"ASV1765","Bacteria","Proteobacteria","Gammaproteobacteria","Oceanospirillales","Halomonadaceae","Halomonas",NA
"ASV1772","Bacteria","Proteobacteria","Gammaproteobacteria","Oceanospirillales","Halomonadaceae","Halomonas",NA
"ASV1775","Bacteria","Firmicutes","Bacilli","Bacillales","Bacillaceae","Halalkalibacillus",NA
"ASV1777","Bacteria","Proteobacteria","Gammaproteobacteria","Xanthomonadales","Xanthomonadaceae","Stenotrophomonas",NA
"ASV1779","Bacteria","Proteobacteria","Gammaproteobacteria","Burkholderiales","Oxalobacteraceae","Undibacterium","parvum"
"ASV1781","Bacteria","Bdellovibrionota","Oligoflexia","0319-6G20",NA,NA,NA
"ASV1788","Bacteria","Verrucomicrobiota","Chlamydiae","Chlamydiales","Chlamydiaceae",NA,NA
"ASV1793","Bacteria","Firmicutes","Bacilli","Caldalkalibacillales","Caldalkalibacillaceae","Caldalkalibacillus",NA
"ASV1805","Bacteria","Firmicutes","Clostridia","Lachnospirales","Lachnospiraceae","Blautia",NA
"ASV1846","Bacteria","Proteobacteria","Alphaproteobacteria","Azospirillales","Azospirillaceae","Niveispirillum","cyanobacteriorum"
"ASV1862","Bacteria","Firmicutes","Bacilli","Bacillales",NA,NA,NA
"ASV1868","Bacteria","Proteobacteria","Alphaproteobacteria","Rickettsiales","Mitochondria",NA,NA
"ASV1885","Bacteria","Actinobacteriota","Actinobacteria","Micrococcales","Micrococcaceae","Nesterenkonia",NA
"ASV1906","Bacteria","Proteobacteria","Alphaproteobacteria","Rickettsiales","Mitochondria",NA,NA
"ASV1915","Bacteria","Firmicutes","Bacilli","Bacillales","Sporolactobacillaceae","Terrilactibacillus",NA
"ASV1921","Bacteria","Firmicutes","Bacilli","Bacillales","Bacillaceae",NA,NA
"ASV1924","Bacteria","Firmicutes","Bacilli","Bacillales","Bacillaceae",NA,NA
"ASV1929","Bacteria","Desulfobacterota","Desulfovibrionia","Desulfovibrionales","Desulfovibrionaceae","Desulfovibrio",NA
"ASV1938","Bacteria","Proteobacteria","Alphaproteobacteria","Rhizobiales","Rhizobiales Incertae Sedis","Alsobacter",NA
"ASV1943","Bacteria","Actinobacteriota","Actinobacteria","Micrococcales","Micrococcaceae","Nesterenkonia",NA
"ASV1976","Bacteria","Firmicutes","Bacilli","Caldalkalibacillales","Caldalkalibacillaceae","Caldalkalibacillus",NA
"ASV1994","Bacteria","Proteobacteria","Alphaproteobacteria","Acetobacterales","Acetobacteraceae","Roseomonas",NA
"ASV2006","Bacteria","Firmicutes","Bacilli","Caldalkalibacillales","Caldalkalibacillaceae","Caldalkalibacillus",NA
"ASV2011","Bacteria","Proteobacteria","Gammaproteobacteria","Enterobacterales","Enterobacteriaceae",NA,NA
"ASV2019","Bacteria","Desulfobacterota","Desulfobulbia","Desulfobulbales","Desulfurivibrionaceae","Desulfurivibrio",NA
"ASV2028","Bacteria","Proteobacteria","Alphaproteobacteria","Sphingomonadales","Sphingomonadaceae","Sphingomonas",NA
"ASV2029","Bacteria","Firmicutes","Bacilli","Alicyclobacillales","Alicyclobacillaceae","Tumebacillus",NA
"ASV2044","Bacteria","Bacteroidota","Bacteroidia","Bacteroidales","Paludibacteraceae","Paludibacter",NA
"ASV2059","Bacteria","Proteobacteria","Gammaproteobacteria","Burkholderiales","Rhodocyclaceae","Sulfuritalea",NA
"ASV2078","Bacteria","Firmicutes","Bacilli","Bacillales","Sporolactobacillaceae","Sporolactobacillus",NA
"ASV2084","Bacteria","Proteobacteria","Alphaproteobacteria","Rickettsiales","Mitochondria",NA,NA
"ASV2102","Bacteria","Patescibacteria","Parcubacteria","Candidatus Jorgensenbacteria",NA,NA,NA
"ASV2105","Bacteria","Actinobacteriota","Actinobacteria","Pseudonocardiales","Pseudonocardiaceae","Pseudonocardia",NA
"ASV2112","Bacteria","Campilobacterota","Campylobacteria","Campylobacterales","Arcobacteraceae","Arcobacter",NA
"ASV2118","Bacteria","Cyanobacteria","Vampirivibrionia","Obscuribacterales","Obscuribacteraceae",NA,NA
"ASV2119","Bacteria","Proteobacteria","Alphaproteobacteria","Rickettsiales","Mitochondria",NA,NA
"ASV2125","Bacteria","Proteobacteria","Alphaproteobacteria","Reyranellales","Reyranellaceae",NA,NA
"ASV2143","Bacteria","Actinobacteriota","Actinobacteria","Corynebacteriales","Mycobacteriaceae","Mycobacterium",NA
"ASV2164","Bacteria","Proteobacteria","Gammaproteobacteria",NA,NA,NA,NA
"ASV2167","Bacteria","Firmicutes","Bacilli","Brevibacillales","Brevibacillaceae","Brevibacillus",NA
"ASV2182","Bacteria","Proteobacteria","Alphaproteobacteria","Rickettsiales","Mitochondria",NA,NA
"ASV2183","Bacteria","Proteobacteria","Alphaproteobacteria","Rhizobiales","Beijerinckiaceae","Methylobacterium-Methylorubrum",NA
"ASV2200","Bacteria","Proteobacteria","Alphaproteobacteria","Caulobacterales","Caulobacteraceae","Phenylobacterium","falsum"
"ASV2206","Bacteria","Bacteroidota","Bacteroidia","Sphingobacteriales","Sphingobacteriaceae","Pedobacter",NA
"ASV2224","Bacteria","Bacteroidota","Bacteroidia","Cytophagales","Cytophagaceae","Cytophaga",NA
"ASV2235","Bacteria","Firmicutes","Bacilli","Bacillales","Bacillaceae",NA,NA
"ASV2243","Bacteria","Firmicutes","Bacilli","Bacillales","Bacillaceae",NA,NA
"ASV2263","Bacteria","Proteobacteria","Gammaproteobacteria","Oceanospirillales","Halomonadaceae","Halomonas",NA
"ASV2266","Bacteria","Proteobacteria","Gammaproteobacteria","Legionellales","Legionellaceae","Legionella",NA
"ASV2298","Bacteria","Actinobacteriota","Actinobacteria","Propionibacteriales","Nocardioidaceae","Aeromicrobium",NA
"ASV2308","Bacteria","Proteobacteria","Alphaproteobacteria",NA,NA,NA,NA
"ASV2312","Bacteria","Firmicutes","Bacilli","Caldalkalibacillales","Caldalkalibacillaceae","Caldalkalibacillus",NA
"ASV2353","Bacteria","Firmicutes","Bacilli","Caldalkalibacillales","Caldalkalibacillaceae","Caldalkalibacillus",NA
"ASV2361","Bacteria","Dependentiae","Babeliae","Babeliales","Babeliaceae",NA,NA
"ASV2373","Bacteria","Proteobacteria","Alphaproteobacteria","Caulobacterales","Caulobacteraceae","Caulobacter",NA
"ASV2416","Bacteria","Bacteroidota","Bacteroidia","Cytophagales","Spirosomaceae","Runella",NA
"ASV2428","Bacteria","Proteobacteria","Alphaproteobacteria","Rhodobacterales","Rhodobacteraceae","Pseudooceanicola",NA
"ASV2449","Bacteria","Firmicutes","Bacilli","Bacillales","Bacillaceae",NA,NA
"ASV2498","Bacteria","Firmicutes","Bacilli","Bacillales","Sporolactobacillaceae","Sporolactobacillus",NA
"ASV2499","Bacteria","Firmicutes","Bacilli","Bacillales","Bacillaceae",NA,NA
"ASV2525","Bacteria","Firmicutes","Bacilli","Bacillales","Bacillaceae",NA,NA
"ASV2527","Bacteria","Bdellovibrionota","Oligoflexia","Silvanigrellales","Silvanigrellaceae",NA,NA
"ASV2548","Bacteria","Firmicutes","Bacilli","Bacillales","Sporolactobacillaceae","Terrilactibacillus",NA
"ASV2553","Bacteria","Firmicutes","Bacilli","Bacillales","Bacillaceae",NA,NA
"ASV2561","Bacteria","Actinobacteriota","Acidimicrobiia","Microtrichales","Ilumatobacteraceae","CL500-29 marine group",NA
"ASV2563","Bacteria","Firmicutes","Clostridia","Lachnospirales","Lachnospiraceae","Fusicatenibacter",NA
"ASV2570","Bacteria","Bacteroidota","Bacteroidia","Chitinophagales","Chitinophagaceae",NA,NA
"ASV2578","Bacteria","Planctomycetota","Planctomycetes","Pirellulales","Pirellulaceae",NA,NA
"ASV2601","Bacteria","Proteobacteria","Alphaproteobacteria","Rhizobiales","Devosiaceae","Devosia",NA
"ASV2631","Bacteria","Actinobacteriota","Actinobacteria","Streptomycetales","Streptomycetaceae","Streptomyces",NA
"ASV2635","Bacteria","Proteobacteria","Gammaproteobacteria","Cellvibrionales","Cellvibrionaceae","Cellvibrio","zantedeschiae"
"ASV2681","Bacteria","Cyanobacteria","Vampirivibrionia","Obscuribacterales","Obscuribacteraceae",NA,NA
"ASV2692","Bacteria","Firmicutes","Bacilli","Bacillales","Bacillaceae",NA,NA
"ASV2693","Bacteria","Firmicutes","Bacilli","Bacillales","Bacillaceae",NA,NA
"ASV2703","Bacteria","Planctomycetota","Planctomycetes","Planctomycetales","Schlesneriaceae","Schlesneria",NA
"ASV2730","Bacteria","Acidobacteriota","Blastocatellia","11-24",NA,NA,NA
"ASV2732","Bacteria","Gemmatimonadota","Gemmatimonadetes","Gemmatimonadales","Gemmatimonadaceae","Gemmatimonas",NA
"ASV2739","Bacteria","Firmicutes","Bacilli","Alicyclobacillales","Alicyclobacillaceae","Tumebacillus",NA
"ASV2774","Bacteria","Firmicutes","Bacilli","Bacillales","Bacillaceae",NA,NA
"ASV2778","Bacteria","Proteobacteria","Gammaproteobacteria","Burkholderiales","Gallionellaceae",NA,NA
"ASV2816","Bacteria","Firmicutes","Clostridia","Lachnospirales","Lachnospiraceae","[Eubacterium] xylanophilum group",NA
"ASV2828","Bacteria","Verrucomicrobiota","Verrucomicrobiae","Verrucomicrobiales","Verrucomicrobiaceae","Prosthecobacter","algae"
"ASV2842","Bacteria","Firmicutes","Bacilli","Caldalkalibacillales","Caldalkalibacillaceae","Caldalkalibacillus",NA
"ASV2861","Bacteria","Firmicutes","Clostridia","Peptostreptococcales-Tissierellales","Acidaminobacteraceae","Acidaminobacter",NA
"ASV2862","Bacteria","Proteobacteria","Alphaproteobacteria","Rickettsiales","Mitochondria",NA,NA
"ASV2870","Bacteria","Bdellovibrionota","Bdellovibrionia","Bdellovibrionales","Bdellovibrionaceae","Bdellovibrio",NA
"ASV2872","Bacteria",NA,NA,NA,NA,NA,NA
"ASV2888","Bacteria","Proteobacteria","Alphaproteobacteria","Sphingomonadales","Sphingomonadaceae","Altererythrobacter","halimionae"
"ASV2897","Bacteria","Caldatribacteriota","Caldatribacteriia","Caldatribacteriales","Caldatribacteriaceae","Candidatus Caldatribacterium",NA
"ASV2900","Bacteria","Firmicutes","Bacilli","Alicyclobacillales","Alicyclobacillaceae","Tumebacillus","luteolus"
"ASV2922","Bacteria","Proteobacteria","Gammaproteobacteria","Burkholderiales","Gallionellaceae","Gallionella","capsiferriformans"
"ASV2927","Bacteria","Actinobacteriota","Acidimicrobiia","Microtrichales",NA,NA,NA
"ASV2995","Bacteria","Cyanobacteria","Vampirivibrionia","Obscuribacterales","Obscuribacteraceae",NA,NA
"ASV3004","Bacteria","Planctomycetota","Phycisphaerae","Phycisphaerales","Phycisphaeraceae","SM1A02",NA
"ASV3023","Bacteria","Proteobacteria","Alphaproteobacteria","Micropepsales","Micropepsaceae",NA,NA
"ASV3034","Bacteria","Bacteroidota","Bacteroidia",NA,NA,NA,NA
"ASV3040","Bacteria","Actinobacteriota","Acidimicrobiia","Microtrichales","Microtrichaceae","IMCC26207",NA
"ASV3048","Bacteria","Bacteroidota","Bacteroidia","Cytophagales","Microscillaceae",NA,NA
"ASV3049","Bacteria","Proteobacteria","Alphaproteobacteria","Rhizobiales","Rhizobiaceae","Mesorhizobium",NA
"ASV3066","Bacteria","Proteobacteria","Gammaproteobacteria","Legionellales","Legionellaceae","Legionella",NA
"ASV3075","Bacteria","Actinobacteriota","Acidimicrobiia","Microtrichales","Iamiaceae","Iamia",NA
"ASV3108","Bacteria","Proteobacteria","Gammaproteobacteria",NA,NA,NA,NA
"ASV3119","Bacteria","Proteobacteria",NA,NA,NA,NA,NA
"ASV3130","Bacteria","Verrucomicrobiota","Chlamydiae","Chlamydiales","Parachlamydiaceae","Neochlamydia",NA
"ASV3181","Bacteria","Proteobacteria","Alphaproteobacteria","Rickettsiales","Mitochondria",NA,NA
"ASV3185","Bacteria","Verrucomicrobiota","Chlamydiae","Chlamydiales","Parachlamydiaceae","Candidatus Protochlamydia",NA
"ASV3241","Bacteria","Verrucomicrobiota","Verrucomicrobiae","Pedosphaerales","Pedosphaeraceae",NA,NA
"ASV3276","Bacteria","Patescibacteria","Saccharimonadia","Saccharimonadales","Saccharimonadaceae","TM7a",NA
"ASV3291","Bacteria","Actinobacteriota","Actinobacteria","Frankiales","Sporichthyaceae",NA,NA
"ASV3294","Bacteria","Firmicutes","Bacilli","Bacillales","Planococcaceae","Solibacillus",NA
"ASV3324","Bacteria","Proteobacteria","Alphaproteobacteria","Paracaedibacterales","Paracaedibacteraceae","Candidatus Paracaedibacter",NA
"ASV3357","Bacteria","Actinobacteriota","Actinobacteria","Propionibacteriales","Nocardioidaceae","Nocardioides",NA
"ASV3402","Bacteria","Myxococcota","Polyangia","Blfdi19",NA,NA,NA
"ASV3414","Bacteria","Bdellovibrionota","Oligoflexia","Oligoflexales",NA,NA,NA
"ASV3417","Bacteria","Proteobacteria","Alphaproteobacteria","Sphingomonadales","Sphingomonadaceae","Novosphingobium",NA
"ASV3485","Bacteria","Bacteroidota","Kapabacteria","Kapabacteriales",NA,NA,NA
"ASV3488","Bacteria","Patescibacteria","Parcubacteria",NA,NA,NA,NA
"ASV3529","Bacteria",NA,NA,NA,NA,NA,NA
"ASV3561","Bacteria","Proteobacteria","Alphaproteobacteria","Rickettsiales","Rickettsiaceae",NA,NA
"ASV3674","Bacteria","Acidobacteriota","Blastocatellia","Blastocatellales","Blastocatellaceae","JGI 0001001-H03",NA
"ASV3688","Bacteria","Verrucomicrobiota","Verrucomicrobiae","Pedosphaerales","Pedosphaeraceae","SH3-11",NA
"ASV3693","Bacteria","Proteobacteria","Gammaproteobacteria","Burkholderiales","Methylophilaceae","Methylovorus",NA
"ASV3714","Bacteria","Bacteroidota","SJA-28",NA,NA,NA,NA
"ASV3716","Bacteria","Proteobacteria","Alphaproteobacteria","Caulobacterales","Caulobacteraceae","Phenylobacterium",NA
"ASV3735","Bacteria","Verrucomicrobiota","Verrucomicrobiae","Chthoniobacterales","Chthoniobacteraceae","Chthoniobacter",NA
"ASV3738","Bacteria","Firmicutes","Bacilli","Caldalkalibacillales","Caldalkalibacillaceae","Caldalkalibacillus",NA
"ASV3760","Bacteria","Proteobacteria","Alphaproteobacteria","Rickettsiales","Mitochondria",NA,NA
"ASV3806","Bacteria","Patescibacteria","Saccharimonadia","Saccharimonadales",NA,NA,NA
"ASV3869","Bacteria","Proteobacteria","Alphaproteobacteria","Rhodobacterales","Rhodobacteraceae","Paracoccus",NA
"ASV3992","Bacteria","Thermotogota","Thermotogae","Thermotogales","Fervidobacteriaceae","Fervidobacterium",NA
"ASV4056","Bacteria","Proteobacteria","Alphaproteobacteria","Rhodobacterales","Rhodobacteraceae","Paracoccus",NA
"ASV4057","Bacteria","Firmicutes","Negativicutes","Veillonellales-Selenomonadales","Veillonellaceae","Veillonella",NA
"ASV4069","Bacteria","Proteobacteria","Gammaproteobacteria","Burkholderiales","Neisseriaceae",NA,NA
"ASV4075","Bacteria","Firmicutes","Bacilli","Alicyclobacillales","Alicyclobacillaceae","Effusibacillus",NA
"ASV4112","Bacteria","Fusobacteriota","Fusobacteriia","Fusobacteriales","Leptotrichiaceae",NA,NA
"ASV4113","Bacteria","Chloroflexi","Chloroflexia","Thermomicrobiales","JG30-KF-CM45",NA,NA
"ASV4119","Bacteria","Chloroflexi","Anaerolineae","Anaerolineales","Anaerolineaceae",NA,NA
"ASV4145","Bacteria","Verrucomicrobiota","Chlamydiae","Chlamydiales","Parachlamydiaceae",NA,NA
"ASV4166","Bacteria","Proteobacteria","Gammaproteobacteria","Legionellales","Legionellaceae","Legionella",NA
"ASV4192","Bacteria","Cloacimonadota","Cloacimonadia","Cloacimonadales","W27",NA,NA
"ASV4217","Bacteria","Bacteroidota","Bacteroidia","Bacteroidales","Prolixibacteraceae","WCHB1-32",NA
"ASV4220","Bacteria","Firmicutes","Clostridia","Lachnospirales","Lachnospiraceae","Lachnospiraceae NK3A20 group",NA
"ASV4238","Archaea","Halobacterota","Methanomicrobia","Methanomicrobiales","Methanoregulaceae","Methanoregula",NA
"ASV4263","Bacteria","Proteobacteria","Alphaproteobacteria","Reyranellales","Reyranellaceae","Reyranella",NA
"ASV4282","Bacteria","Proteobacteria","Gammaproteobacteria","Legionellales","Legionellaceae","Legionella",NA
"ASV4299","Bacteria","Proteobacteria","Gammaproteobacteria","Legionellales","Legionellaceae","Legionella",NA
"ASV4337","Bacteria","Bacteroidota","Bacteroidia","Chitinophagales","Chitinophagaceae","Edaphobaculum",NA
"ASV4338","Bacteria","Verrucomicrobiota","Verrucomicrobiae","Opitutales","Puniceicoccaceae","Cerasicoccus",NA
"ASV4351","Bacteria","Actinobacteriota","Actinobacteria","Micrococcales","Cellulomonadaceae","Actinotalea",NA
"ASV4365","Bacteria","Proteobacteria","Alphaproteobacteria","NRL2",NA,NA,NA
"ASV4447","Bacteria","Proteobacteria","Alphaproteobacteria","Rhizobiales","Xanthobacteraceae","Pseudolabrys",NA
"ASV4448","Bacteria","Verrucomicrobiota","Omnitrophia","Omnitrophales",NA,NA,NA
"ASV4483","Bacteria","Bacteroidota","Bacteroidia","Cytophagales","Microscillaceae",NA,NA
"ASV4494","Bacteria","Proteobacteria","Alphaproteobacteria","Rickettsiales","Mitochondria",NA,NA
"ASV4509","Bacteria","Firmicutes","Clostridia","Oscillospirales","Ruminococcaceae","Ruminococcus",NA
"ASV4510","Bacteria","Desulfobacterota","Desulfovibrionia","Desulfovibrionales","Desulfovibrionaceae","Desulfovibrio",NA
"ASV4534","Bacteria","Spirochaetota","Spirochaetia","Spirochaetales","Spirochaetaceae",NA,NA
"ASV4540","Bacteria","Proteobacteria","Gammaproteobacteria","Burkholderiales","Comamonadaceae","Piscinibacter",NA
"ASV4576","Bacteria","Chloroflexi","Chloroflexia","Thermomicrobiales","JG30-KF-CM45",NA,NA
"ASV4613","Bacteria","Bacteroidota","Bacteroidia","Sphingobacteriales","env.OPS 17",NA,NA
"ASV4643","Bacteria","Firmicutes","Clostridia","Peptostreptococcales-Tissierellales","Fusibacteraceae","Fusibacter",NA
"ASV4655","Bacteria","Planctomycetota","Phycisphaerae","Phycisphaerales","AKAU3564 sediment group",NA,NA
"ASV4703","Bacteria","Patescibacteria","Gracilibacteria",NA,NA,NA,NA
"ASV4723","Bacteria","Proteobacteria","Gammaproteobacteria","Burkholderiales","Comamonadaceae","Polaromonas","eurypsychrophila"
"ASV4733","Bacteria","Bacteroidota","Bacteroidia","Sphingobacteriales","env.OPS 17",NA,NA
"ASV4756","Bacteria","Bdellovibrionota","Bdellovibrionia","Bdellovibrionales","Bdellovibrionaceae","Bdellovibrio",NA
"ASV4762","Bacteria","Proteobacteria","Alphaproteobacteria","Rhizobiales","Rhizobiaceae","Pseudochrobactrum",NA
"ASV4796","Bacteria","Proteobacteria","Alphaproteobacteria","Sphingomonadales","Sphingomonadaceae","Sandaracinobacter",NA
"ASV4829","Bacteria","Planctomycetota","OM190",NA,NA,NA,NA
"ASV4900","Bacteria","Proteobacteria","Alphaproteobacteria","Sphingomonadales","Sphingomonadaceae","Qipengyuania",NA
"ASV4911","Bacteria","Proteobacteria","Alphaproteobacteria","Rhizobiales","Rhizobiales Incertae Sedis",NA,NA
"ASV4999","Bacteria","Proteobacteria","Alphaproteobacteria","Rickettsiales","Mitochondria",NA,NA
"ASV5015","Bacteria","Verrucomicrobiota","Verrucomicrobiae","Pedosphaerales","Pedosphaeraceae",NA,NA
"ASV5087","Bacteria","Patescibacteria","Saccharimonadia","Saccharimonadales","Saccharimonadaceae","TM7a",NA
"ASV5112","Bacteria","Proteobacteria","Gammaproteobacteria","Legionellales","Legionellaceae","Legionella",NA
"ASV5148","Bacteria","Actinobacteriota","Actinobacteria","Propionibacteriales","Propionibacteriaceae","Luteococcus",NA
"ASV5162","Bacteria","Proteobacteria","Gammaproteobacteria","Oceanospirillales","Halomonadaceae","Halomonas",NA
"ASV5181","Bacteria","Patescibacteria","Saccharimonadia","Saccharimonadales","Saccharimonadaceae","TM7a",NA
"ASV5212","Bacteria","Proteobacteria","Alphaproteobacteria","Sphingomonadales","Sphingomonadaceae","Polymorphobacter","fuscus"
"ASV5215","Bacteria","Fusobacteriota","Fusobacteriia","Fusobacteriales","Fusobacteriaceae","Cetobacterium",NA
"ASV5248","Bacteria","Verrucomicrobiota","Chlamydiae","Chlamydiales","Parachlamydiaceae","Candidatus Protochlamydia",NA
"ASV5251","Bacteria","Bacteroidota","Bacteroidia","Flavobacteriales","Flavobacteriaceae","Flavobacterium","johnsoniae"
"ASV5299","Bacteria","Firmicutes","Bacilli","Lactobacillales","Lactobacillaceae","Lactobacillus",NA
"ASV5360","Bacteria","Proteobacteria","Alphaproteobacteria","Rickettsiales","Mitochondria",NA,NA
"ASV5372","Bacteria","Patescibacteria","Parcubacteria",NA,NA,NA,NA
"ASV5410","Bacteria","Verrucomicrobiota","Verrucomicrobiae","Pedosphaerales","Pedosphaeraceae",NA,NA
"ASV5432","Bacteria","Actinobacteriota","Actinobacteria",NA,NA,NA,NA
"ASV5464","Bacteria","Patescibacteria","ABY1","Candidatus Falkowbacteria",NA,NA,NA
"ASV5465","Bacteria","Patescibacteria","Parcubacteria","Candidatus Kaiserbacteria",NA,NA,NA
"ASV5466","Bacteria","Actinobacteriota","Acidimicrobiia","Microtrichales","Ilumatobacteraceae","CL500-29 marine group",NA
"ASV5471","Bacteria","Proteobacteria","Alphaproteobacteria","Defluviicoccales","Defluviicoccaceae","Defluviicoccus",NA
"ASV5472","Bacteria","Proteobacteria","Gammaproteobacteria","Xanthomonadales","Rhodanobacteraceae","Tahibacter",NA
"ASV5473","Bacteria","Bacteroidota","Bacteroidia","Cytophagales","Microscillaceae","OLB12",NA
"ASV5474","Bacteria","Proteobacteria","Gammaproteobacteria","Xanthomonadales","Xanthomonadaceae","Arenimonas",NA
"ASV5496","Bacteria","Proteobacteria","Alphaproteobacteria","Sphingomonadales","Sphingomonadaceae","Sphingorhabdus","wooponensis"
"ASV5497","Bacteria","Fusobacteriota","Fusobacteriia","Fusobacteriales","Fusobacteriaceae","Cetobacterium",NA
"ASV5515","Bacteria","Synergistota","Synergistia","Synergistales","Synergistaceae","Acetomicrobium",NA
"ASV5549","Bacteria","Proteobacteria","Alphaproteobacteria","Azospirillales","Azospirillaceae","Niveispirillum",NA
"ASV5612","Bacteria","Bacteroidota","Bacteroidia","Cytophagales","Spirosomaceae","Runella","palustris"
"ASV5651","Bacteria","Fusobacteriota","Fusobacteriia","Fusobacteriales","Fusobacteriaceae","Cetobacterium",NA
"ASV5667","Bacteria","Actinobacteriota","Actinobacteria","Corynebacteriales","Mycobacteriaceae","Mycobacterium",NA
"ASV5754","Bacteria","Verrucomicrobiota","Chlamydiae","Chlamydiales","Parachlamydiaceae","Neochlamydia",NA
"ASV5788","Bacteria","Fusobacteriota","Fusobacteriia","Fusobacteriales","Fusobacteriaceae","Cetobacterium",NA
"ASV5792","Bacteria","Bacteroidota","Bacteroidia","Flavobacteriales","Flavobacteriaceae","Flavobacterium",NA
"ASV5811","Bacteria","Proteobacteria","Alphaproteobacteria","Rhizobiales","Beijerinckiaceae","Methylocystis",NA
"ASV5865","Bacteria","Bdellovibrionota","Oligoflexia","Silvanigrellales","Silvanigrellaceae","Silvanigrella",NA
"ASV5900","Bacteria","Proteobacteria","Alphaproteobacteria","Rhizobiales","Beijerinckiaceae","Chelatococcus",NA
"ASV5928","Bacteria","Fusobacteriota","Fusobacteriia","Fusobacteriales","Fusobacteriaceae","Fusobacterium","periodonticum"
"ASV5951","Bacteria","Proteobacteria","Alphaproteobacteria","Rhizobiales","Xanthobacteraceae","Pseudorhodoplanes",NA
"ASV5982","Bacteria","Deinococcota","Deinococci","Deinococcales","Deinococcaceae","Deinococcus",NA
"ASV5983","Bacteria","Firmicutes","Clostridia","Hungateiclostridiaceae","Anaerobacterium",NA,NA
"ASV6000","Bacteria","Proteobacteria","Alphaproteobacteria","AT-s3-44",NA,NA,NA
"ASV6042","Bacteria","Firmicutes","Bacilli","Paenibacillales","Paenibacillaceae","Paenibacillus",NA
"ASV6043","Bacteria","Chloroflexi","Anaerolineae","Anaerolineales","Anaerolineaceae",NA,NA
"ASV6061","Bacteria","Proteobacteria","Alphaproteobacteria","Rhizobiales","Rhizobiales Incertae Sedis","Phreatobacter",NA
"ASV6091","Bacteria","Latescibacterota",NA,NA,NA,NA,NA
"ASV6092","Bacteria","Planctomycetota","Planctomycetes","Pirellulales","Pirellulaceae",NA,NA
"ASV6200","Bacteria","Armatimonadota","Armatimonadia","Armatimonadales",NA,NA,NA
"ASV6202","Bacteria","Proteobacteria","Alphaproteobacteria","Rhizobiales","Rhizobiales Incertae Sedis",NA,NA
"ASV6228","Bacteria","Firmicutes","Clostridia","Hungateiclostridiaceae","Acetivibrio",NA,NA
"ASV6229","Bacteria","Chloroflexi","Anaerolineae","Anaerolineales","Anaerolineaceae","Longilinea",NA
"ASV6230","Bacteria","Thermotogota","Thermotogae","Thermotogales","Fervidobacteriaceae","Fervidobacterium",NA
"ASV6251","Bacteria","Myxococcota","Myxococcia","Myxococcales","Myxococcaceae","P3OB-42",NA
"ASV6280","Bacteria","Proteobacteria","Alphaproteobacteria","Rhizobiales","Rhizobiaceae","Ensifer",NA
"ASV6281","Bacteria","Methylomirabilota","Methylomirabilia","Methylomirabilales","Methylomirabilaceae","Candidatus Methylomirabilis",NA
"ASV6308","Bacteria","Bdellovibrionota","Bdellovibrionia","Bdellovibrionales","Bdellovibrionaceae","Bdellovibrio",NA
"ASV6320","Bacteria","Planctomycetota","Planctomycetes","Pirellulales","Pirellulaceae","Pir4 lineage",NA
"ASV6321","Bacteria","Proteobacteria","Gammaproteobacteria","PLTA13",NA,NA,NA
"ASV6322","Bacteria","Firmicutes","Clostridia","Peptostreptococcales-Tissierellales","Anaerovoracaceae",NA,NA
"ASV6342","Bacteria","Proteobacteria","Alphaproteobacteria","Rickettsiales","Mitochondria",NA,NA
"ASV6356","Bacteria","Firmicutes","Clostridia","Lachnospirales","Lachnospiraceae",NA,NA
"ASV6373","Bacteria","Proteobacteria","Alphaproteobacteria","Rickettsiales","Mitochondria",NA,NA
"ASV6385","Bacteria","RCP2-54",NA,NA,NA,NA,NA
"ASV6386","Bacteria","Chloroflexi","Anaerolineae","Anaerolineales","Anaerolineaceae",NA,NA
"ASV6387","Bacteria","Firmicutes","Clostridia","Peptococcales","Peptococcaceae","Peptococcus",NA
"ASV6388","Bacteria","Firmicutes","Negativicutes","Acidaminococcales","Acidaminococcaceae",NA,NA
"ASV6408","Bacteria","Verrucomicrobiota","Verrucomicrobiae","Verrucomicrobiales","Verrucomicrobiaceae",NA,NA
"ASV6418","Bacteria","Myxococcota","Polyangia","Polyangiales","Sandaracinaceae",NA,NA
"ASV6419","Bacteria","Firmicutes","Clostridia","Christensenellales","Christensenellaceae","Christensenellaceae R-7 group",NA
"ASV6424","Bacteria","Fusobacteriota","Fusobacteriia","Fusobacteriales","Fusobacteriaceae","Cetobacterium",NA
"ASV6440","Bacteria","Actinobacteriota","Actinobacteria","Propionibacteriales","Propionibacteriaceae","Tessaracoccus",NA
"ASV6466","Bacteria","Firmicutes","Bacilli","Lactobacillales","Aerococcaceae","Facklamia",NA
"ASV6467","Bacteria","Proteobacteria","Alphaproteobacteria","Rhizobiales","KF-JG30-B3",NA,NA
"ASV6524","Bacteria","Firmicutes",NA,NA,NA,NA,NA
"ASV6565","Bacteria","Actinobacteriota","Actinobacteria","Propionibacteriales","Propionibacteriaceae","Micropruina",NA
"ASV6567","Bacteria","Proteobacteria","Gammaproteobacteria",NA,NA,NA,NA
"ASV6568","Bacteria","Acidobacteriota","Vicinamibacteria","Vicinamibacterales",NA,NA,NA
"ASV6599","Bacteria","Proteobacteria","Gammaproteobacteria","Burkholderiales","Gallionellaceae","Gallionella",NA
"ASV6601","Bacteria","Proteobacteria","Alphaproteobacteria","Rhizobiales","Hyphomicrobiaceae","Hyphomicrobium",NA
"ASV6635","Bacteria","Verrucomicrobiota","Verrucomicrobiae","Opitutales","Opitutaceae","Alterococcus",NA
"ASV6636","Bacteria","Proteobacteria","Alphaproteobacteria","Holosporales","Holosporaceae",NA,NA
"ASV6665","Bacteria","Proteobacteria","Gammaproteobacteria","Burkholderiales","Chitinibacteraceae","Deefgea",NA
"ASV6696","Bacteria","Proteobacteria","Alphaproteobacteria","Rhodospirillales","Rhodospirillaceae",NA,NA
"ASV6719","Bacteria","Patescibacteria","Parcubacteria","Candidatus Staskawiczbacteria",NA,NA,NA
"ASV6728","Bacteria","MBNT15",NA,NA,NA,NA,NA
"ASV6729","Bacteria","Bacteroidota","Bacteroidia","Cytophagales","Cyclobacteriaceae","Algoriphagus","marisflavi"
"ASV6730","Bacteria","Actinobacteriota","Actinobacteria","Corynebacteriales","Nocardiaceae","Millisia",NA
"ASV6790","Bacteria","Patescibacteria","Saccharimonadia","Saccharimonadales",NA,NA,NA
"ASV6795","Bacteria","Myxococcota","Polyangia","Polyangiales","Polyangiaceae","Pajaroellobacter",NA
"ASV6796","Bacteria","Planctomycetota","Phycisphaerae","Tepidisphaerales","Tepidisphaeraceae",NA,NA
